is_rumor,thread,in_reply_tweet,event,tweet_id,is_source_tweet,in_reply_user,user_id,tweet_length,symbol_count,user_mentions,urls_count,media_count,hashtags_count,retweet_count,favorite_count,mentions_count,is_truncated,created,has_smile_emoji,sensitive,has_place,has_coords,has_quest,has_exclaim,has_quest_or_exclaim,user.tweets_count,user.verified,user.followers_count,user.listed_count,user.desc_length,user.handle_length,user.name_length,user.notifications,user.friends_count,user.time_zone,user.has_bg_img,user.default_pic,user.created_at,user.location,user.profile_sbcolor,user.profile_bgcolor,hasperiod,number_punct,negativewordcount,positivewordcount,capitalratio,contentlength,sentimentscore,Noun,Verb,Adjective,Pronoun,FirstPersonPronoun,SecondPersonPronoun,ThirdPersonPronoun,Adverb,has_url_in_text
1,521310417696858112,,ebola-essien,521310417696858112,1,,964926744,113,0,0,0,0,0,859,83,0,0,1413125063000.0,0,0,0,0,0,0,0,29,0,1456,1,150,11,10,0,488,London,1,1,1353617124000.0,1,12639981,12639981,1,3,0,0,0.07079646017699115,17,0.2,9,5,1,0,0,0,1,0,0
1,521310417696858112,5.213104176968581e+17,ebola-essien,521311862118711296,0,964926744.0,630241693,128,0,1,0,0,0,1,1,1,0,1413125408000.0,0,0,0,0,0,0,0,10485,0,1324,4,150,5,7,0,1098,Amsterdam,1,1,1341756259000.0,0,12639981,12639981,1,4,0,0,0.07936507936507936,18,0.2,11,4,1,0,0,0,1,0,0
1,521310417696858112,5.213104176968581e+17,ebola-essien,521313155004497920,0,964926744.0,131531989,138,0,1,0,0,0,0,1,1,0,1413125716000.0,0,0,0,0,0,0,0,44110,0,474,2,5,12,11,0,426,Pacific Time (US & Canada),1,0,1270912360000.0,1,16777215,15592681,1,3,0,0,0.08695652173913043,19,0.2,12,4,1,0,0,0,1,0,0
1,521310417696858112,5.213104176968581e+17,ebola-essien,521313840416714752,0,964926744.0,40673379,132,0,1,0,0,0,3,1,1,0,1413125879000.0,0,0,0,0,0,0,0,63297,0,2948,21,4,2,13,0,935,London,1,1,1242572876000.0,0,12639981,12639981,1,4,0,0,0.08461538461538462,19,-0.033333333333333326,12,4,1,0,0,0,1,0,0
1,521310417696858112,5.213104176968581e+17,ebola-essien,521313949351178240,0,964926744.0,1628128982,140,0,1,0,0,0,0,0,1,0,1413125905000.0,0,0,0,0,0,0,0,122143,0,1280,23,12,0,6,0,259,Amsterdam,1,1,1375025414000.0,0,12639981,12639981,0,4,0,0,0.07913669064748201,21,0.2,13,5,1,0,0,0,1,0,0
1,521310417696858112,5.213104176968581e+17,ebola-essien,521314256911077376,0,964926744.0,349230142,136,0,1,0,0,0,1,0,1,0,1413125979000.0,0,0,0,0,0,0,0,19976,0,707,3,10,3,11,0,547,London,1,0,1312572880000.0,1,16777215,12639981,1,4,0,0,0.12686567164179105,19,0.2,12,4,1,0,0,0,1,0,0
1,521310417696858112,5.213104176968581e+17,ebola-essien,521314981418385408,0,964926744.0,86334247,134,0,1,0,0,0,1,0,1,0,1413126151000.0,0,0,0,0,0,0,0,117724,0,995,3,45,5,7,0,768,London,1,0,1256916215000.0,0,16777215,16777215,1,4,0,0,0.07575757575757576,18,0.0,11,4,1,0,0,0,1,0,0
1,521310417696858112,5.213104176968581e+17,ebola-essien,521315563768147969,0,964926744.0,586131944,130,0,1,0,0,0,1,0,1,0,1413126290000.0,0,0,0,0,0,0,0,14744,0,725,0,23,5,14,0,415,London,0,0,1337562935000.0,1,16777215,1250582,1,4,0,0,0.07936507936507936,18,0.2,11,4,1,0,0,0,1,0,0
1,521310417696858112,5.213104176968581e+17,ebola-essien,521316235221692416,0,964926744.0,83657099,136,0,1,0,0,0,0,1,1,0,1413126450000.0,0,0,0,0,0,0,0,11953,0,996,2,115,3,8,0,1243,London,1,0,1255976432000.0,1,16777215,12639981,1,4,0,0,0.08270676691729323,19,0.2,12,4,1,0,0,0,1,0,0
1,521310417696858112,5.213104176968581e+17,ebola-essien,521319270534635522,0,964926744.0,964926744,137,0,0,0,0,0,226,13,0,0,1413127174000.0,0,0,0,0,0,0,0,34,0,1449,1,150,11,10,0,486,London,1,1,1353617124000.0,1,12639981,12639981,3,5,0,0,0.051094890510948905,25,0.0,9,5,2,2,1,0,1,0,0
1,521310417696858112,5.213192705346355e+17,ebola-essien,521319584117567488,0,964926744.0,964926744,132,0,0,0,0,1,235,15,0,0,1413127249000.0,0,0,0,0,0,0,0,34,0,1449,1,150,11,10,0,486,London,1,1,1353617124000.0,1,12639981,12639981,2,6,0,0,0.022727272727272728,26,0.36000000000000004,7,5,3,2,0,0,2,0,0
1,521310417696858112,5.213192705346355e+17,ebola-essien,521327042349260801,0,964926744.0,20221544,72,0,2,0,0,0,0,0,2,0,1413129027000.0,0,0,0,0,0,0,0,35559,0,526,5,93,3,7,0,865,London,1,0,1233905142000.0,1,16777215,12639981,0,0,0,0,0.18055555555555555,11,0.8,7,2,0,0,0,0,0,0,0
1,521310417696858112,5.213104176968581e+17,ebola-essien,521328010633691136,0,964926744.0,244505253,138,0,1,0,0,0,0,0,1,0,1413129258000.0,0,0,0,0,1,0,1,80648,0,1274,7,11,10,15,0,1200,Amsterdam,1,1,1296307251000.0,0,12639981,12639981,1,9,0,0,0.07352941176470588,19,0.2,9,6,1,0,0,0,1,0,0
1,521310417696858112,5.213104176968581e+17,ebola-essien,521328034352484352,0,964926744.0,172302796,136,0,1,0,0,0,1,0,1,0,1413129263000.0,0,0,0,0,0,0,0,95376,0,1662,11,26,4,9,0,846,West Central Africa,0,0,1280402244000.0,0,16777215,526340,1,4,0,0,0.08208955223880597,20,0.2,12,4,1,0,0,0,1,0,0
1,521310417696858112,5.213104176968581e+17,ebola-essien,521328575786778625,0,964926744.0,413321665,132,0,1,0,0,0,2,0,1,0,1413129392000.0,0,0,0,0,0,0,0,85790,0,6321,27,22,17,5,0,1654,Amsterdam,1,1,1321383647000.0,0,12639981,12639981,1,5,0,0,0.09923664122137404,19,-0.033333333333333326,12,4,1,0,0,0,1,0,0
1,521310417696858112,5.213104176968581e+17,ebola-essien,521329239451504640,0,964926744.0,237932622,140,0,1,0,0,0,0,0,1,0,1413129551000.0,0,0,0,0,0,0,0,153464,0,3754,16,77,15,5,0,1204,,1,0,1294963214000.0,1,14412269,14412269,0,3,0,0,0.07971014492753623,19,-0.3,12,5,1,0,0,0,0,0,0
1,521310417696858112,5.213104176968581e+17,ebola-essien,521330166682116096,0,964926744.0,25609949,59,0,1,0,0,0,0,0,1,0,1413129772000.0,0,0,0,0,0,1,1,28564,0,1787,17,140,15,14,0,763,Eastern Time (US & Canada),1,0,1237596175000.0,1,14671839,15461355,0,1,0,0,0.03389830508474576,10,0.0,3,2,1,0,0,0,0,0,0
1,521310417696858112,5.213104176968581e+17,ebola-essien,521330332348723201,0,964926744.0,178351622,133,0,1,0,0,0,0,0,1,0,1413129811000.0,0,0,0,0,1,0,1,86485,0,845,1,0,4,8,0,619,West Central Africa,1,1,1281797435000.0,1,12639981,12639981,1,5,0,0,0.08396946564885496,19,0.2,12,4,1,0,0,0,1,0,0
1,521310417696858112,5.213104176968581e+17,ebola-essien,521331645040033794,0,964926744.0,563569510,138,0,1,0,0,0,3,0,1,0,1413130124000.0,0,0,0,0,0,0,0,69739,0,3103,12,83,2,6,0,859,Pacific Time (US & Canada),1,1,1335430690000.0,1,12639981,12639981,2,5,0,0,0.08088235294117647,19,0.2,12,4,1,0,0,0,1,0,0
1,521310417696858112,5.213104176968581e+17,ebola-essien,521331769870942208,0,964926744.0,23313715,142,0,2,0,0,0,2,0,2,0,1413130154000.0,0,0,0,0,0,0,0,79460,0,4808,83,150,17,13,0,1676,Eastern Time (US & Canada),1,0,1236523431000.0,1,16777215,594692,1,6,0,0,0.07857142857142857,19,0.2,13,4,1,0,0,0,1,0,0
1,521310417696858112,5.213195841175675e+17,ebola-essien,521332014365294592,0,964926744.0,23313715,138,0,1,0,0,1,1,1,1,0,1413130212000.0,0,0,0,0,0,0,0,79460,0,4808,83,150,17,13,0,1676,Eastern Time (US & Canada),1,0,1236523431000.0,1,16777215,594692,4,9,0,0,0.051470588235294115,24,0.23888888888888893,8,5,3,2,0,0,2,0,0
1,521310417696858112,5.2132801063369114e+17,ebola-essien,521332279248162816,0,244505253.0,262825746,139,0,2,0,0,0,0,0,2,0,1413130275000.0,0,0,0,0,1,0,1,43789,0,1654,5,62,20,8,0,1092,,1,0,1299617928000.0,1,16775341,16773197,0,9,0,0,0.08759124087591241,17,0.0,11,2,1,0,0,0,1,0,0
1,521310417696858112,5.213195841175675e+17,ebola-essien,521338002308878337,0,964926744.0,100081485,28,0,1,0,0,0,0,3,1,0,1413131640000.0,0,0,0,0,0,0,0,84760,0,9550,72,135,11,9,0,832,London,1,0,1262044558000.0,1,15658734,1250582,1,1,0,0,0.14285714285714285,5,0.0,2,1,0,1,0,1,0,0,0
1,521310417696858112,5.213192705346355e+17,ebola-essien,521366061477023744,0,964926744.0,236842564,26,0,1,0,0,0,0,0,1,0,1413138330000.0,0,0,0,0,0,0,0,131741,0,2611,22,47,12,15,0,1915,Casablanca,1,0,1294754618000.0,1,6214876,39353,0,0,0,0,0.11538461538461539,4,0.0,2,0,0,1,0,1,0,0,0
1,521310417696858112,5.213195841175675e+17,ebola-essien,521366385008840705,0,964926744.0,18351127,38,0,1,0,0,0,0,0,1,0,1413138407000.0,0,0,0,0,0,0,0,39104,0,3376,124,138,16,11,0,995,Eastern Time (US & Canada),1,0,1230093955000.0,1,11061239,140080,2,2,0,0,0.10526315789473684,6,-0.4,2,1,0,1,0,1,0,0,0
1,521310417696858112,5.213195841175675e+17,ebola-essien,521368766777917440,0,964926744.0,1591643474,32,0,1,0,0,0,0,1,1,0,1413138975000.0,0,0,0,0,0,0,0,101605,0,1224,21,52,10,13,0,783,Arizona,1,0,1373742303000.0,1,0,9131051,0,0,0,1,0.0625,6,0.0,2,2,1,0,0,1,0,0,0
1,521310417696858112,5.213195841175675e+17,ebola-essien,521372597855191040,0,964926744.0,81805400,65,0,1,0,0,0,0,0,1,0,1413139888000.0,0,0,0,0,1,1,1,17977,0,1137,11,56,6,9,0,954,Pacific Time (US & Canada),1,1,1255340644000.0,0,12639981,12639981,1,3,0,0,0.046153846153846156,11,-0.5,3,1,2,1,0,1,0,0,0
1,521346721226711040,,ebola-essien,521346721226711040,1,,579635019,90,0,0,0,1,0,575,85,0,0,1413133719000.0,0,0,0,0,0,0,0,10431,0,7416,37,86,12,13,0,15,London,1,0,1336970792000.0,1,0,12639981,2,6,0,0,0.12222222222222222,10,0.0,6,3,0,0,0,0,0,0,1
1,521346721226711040,5.2134672122671104e+17,ebola-essien,521349366037356544,0,579635019.0,463260500,57,0,1,0,0,0,1,5,1,0,1413134349000.0,0,0,0,0,1,0,1,49727,0,16659,315,43,13,12,0,1889,Athens,1,1,1326493610000.0,1,12639981,12639981,0,2,0,0,0.05263157894736842,10,0.0,1,3,1,3,0,1,2,0,0
1,521346721226711040,5.2134672122671104e+17,ebola-essien,521349434719076352,0,579635019.0,430026970,139,0,1,0,1,0,1,1,1,0,1413134366000.0,0,0,0,0,0,1,1,40227,0,1158,6,55,10,8,0,338,Athens,1,0,1323193304000.0,1,1579550,1710879,2,12,0,1,0.10218978102189781,18,0.0,9,5,1,3,0,2,1,0,1
1,521346721226711040,5.2134672122671104e+17,ebola-essien,521350130851921921,0,579635019.0,379856833,48,0,2,0,0,0,0,0,2,0,1413134532000.0,0,0,1,0,0,0,0,179950,0,2572,6,101,8,13,0,2448,Santiago,1,0,1316972358000.0,1,0,12639981,0,0,0,0,0.4166666666666667,6,0.0,6,0,0,0,0,0,0,0,0
1,521346721226711040,5.2134672122671104e+17,ebola-essien,521350466647891968,0,579635019.0,458672503,110,0,1,0,1,0,0,1,1,0,1413134612000.0,0,0,0,0,0,0,0,25619,0,9809,12,0,0,8,0,499,London,1,0,1326055059000.0,0,12639981,11329238,2,7,0,0,0.102803738317757,11,0.0,8,2,0,0,0,0,0,0,1
1,521346721226711040,5.2134672122671104e+17,ebola-essien,521351041154289665,0,579635019.0,45378312,110,0,1,0,1,0,0,0,1,0,1413134749000.0,0,0,0,0,0,0,0,39402,0,824,40,108,17,12,0,777,Santiago,1,0,1244395351000.0,1,16777215,16777215,2,8,0,0,0.08411214953271028,11,0.0,8,2,0,0,0,0,0,0,1
1,521346721226711040,5.2134672122671104e+17,ebola-essien,521351752734769152,0,579635019.0,459983485,125,0,1,0,1,0,4,0,1,0,1413134918000.0,0,0,0,0,0,0,0,19513,0,8739,125,52,13,8,0,915,London,1,0,1326182516000.0,1,0,1250582,7,16,0,0,0.08130081300813008,12,0.0,8,3,0,0,0,0,0,0,1
1,521346721226711040,5.2134672122671104e+17,ebola-essien,521352186949672960,0,579635019.0,378857951,18,0,1,0,0,0,0,0,1,0,1413135022000.0,0,0,0,0,0,0,0,10283,0,1220,1,28,9,11,0,883,Casablanca,1,0,1316819243000.0,1,0,1250582,0,0,0,0,0.16666666666666666,2,0.0,2,0,0,0,0,0,0,0,0
1,521346721226711040,5.2134672122671104e+17,ebola-essien,521352500604309506,0,579635019.0,257640063,115,0,1,0,1,0,0,0,1,0,1413135097000.0,0,0,0,0,0,1,1,64066,0,848,1,22,10,11,0,735,Amsterdam,1,0,1298669553000.0,1,12639981,12639981,2,10,0,0,0.1592920353982301,11,0.0,8,2,0,0,0,0,0,0,1
1,521346721226711040,5.2134672122671104e+17,ebola-essien,521352678283444224,0,579635019.0,33630394,109,0,1,0,1,0,0,0,1,0,1413135139000.0,0,0,0,0,0,0,0,46971,0,1574,1,107,3,15,0,1119,Nairobi,1,0,1240255764000.0,0,13034222,13034222,2,7,0,0,0.11320754716981132,11,0.0,8,2,0,0,0,0,0,0,1
1,521346721226711040,5.2134672122671104e+17,ebola-essien,521352738891132929,0,579635019.0,50707665,114,0,1,0,1,0,0,0,1,0,1413135153000.0,0,0,0,0,1,0,1,24954,0,821,4,7,8,13,0,617,Nairobi,1,0,1245950774000.0,1,6664410,6565259,2,11,0,0,0.09649122807017543,12,0.0,7,3,0,0,0,0,0,0,1
1,521346721226711040,5.2134672122671104e+17,ebola-essien,521353020484096001,0,579635019.0,471014242,120,0,2,0,1,0,0,0,2,0,1413135221000.0,0,0,0,0,0,0,0,3862,0,867,0,18,9,9,0,714,Amsterdam,1,0,1327233490000.0,0,16777215,12639981,2,9,0,0,0.11016949152542373,12,0.0,9,2,0,0,0,0,0,0,1
1,521346721226711040,5.21353020484096e+17,ebola-essien,521353434881327104,0,471014242.0,466457803,36,0,2,0,0,0,0,1,2,0,1413135319000.0,0,0,0,0,0,0,0,11205,0,1001,1,21,10,10,0,863,Amsterdam,1,1,1326803767000.0,1,12639981,12639981,0,1,0,0,0.18181818181818182,4,0.0,3,1,0,0,0,0,0,0,0
1,521346721226711040,5.2134672122671104e+17,ebola-essien,521355922724388865,0,579635019.0,275127235,100,0,1,0,0,0,0,0,1,0,1413135912000.0,0,0,0,0,1,0,1,18938,0,2324,14,159,14,12,0,374,Pacific Time (US & Canada),1,0,1301593343000.0,1,16777215,4219229,0,1,0,0,0.05,14,0.2,5,2,2,0,0,0,0,0,0
1,521346721226711040,5.2134672122671104e+17,ebola-essien,521356252740608001,0,579635019.0,70671249,131,0,1,0,1,0,0,0,1,0,1413135991000.0,0,0,0,0,0,0,0,153559,0,3851,13,75,17,10,0,901,Greenland,1,0,1251809453000.0,1,15658734,1250582,2,7,0,0,0.1,15,0.0,10,3,0,0,0,0,0,0,1
1,521346721226711040,5.2134672122671104e+17,ebola-essien,521356894343294976,0,579635019.0,194622639,111,0,1,0,1,0,0,0,1,0,1413136144000.0,0,0,0,0,0,0,0,170185,0,3292,20,52,8,8,0,464,Amsterdam,1,0,1285343857000.0,1,0,1710879,2,9,0,0,0.10091743119266056,12,0.5,8,2,1,0,0,0,0,0,1
1,521346721226711040,5.2134672122671104e+17,ebola-essien,521364652522225665,0,579635019.0,386238101,96,0,1,0,0,0,0,0,1,0,1413137994000.0,0,0,0,0,0,0,0,15907,0,441,3,10,5,8,0,293,Eastern Time (US & Canada),1,0,1317939626000.0,0,16777215,12639981,2,3,0,0,0.052083333333333336,16,-0.125,2,5,1,2,0,1,0,0,0
1,521346721226711040,5.2136465252222566e+17,ebola-essien,521366121484918785,0,386238101.0,2370781272,125,0,2,0,0,0,0,0,2,0,1413138344000.0,0,0,0,0,1,0,1,2515,0,297,10,113,12,11,0,157,London,0,0,1393871206000.0,1,16777215,12964564,7,14,0,1,0.12,17,0.3,3,4,3,2,0,0,2,0,0
1,521346721226711040,5.2136593115581235e+17,ebola-essien,521366172529201153,0,63435894.0,1381490449,66,0,2,0,0,0,0,0,2,0,1413138356000.0,0,0,0,0,0,0,0,24395,0,849,4,34,11,6,0,262,Eastern Time (US & Canada),1,1,1366967957000.0,1,12639981,12639981,3,3,0,0,0.06060606060606061,10,-0.4000000000000001,4,1,2,0,0,0,1,0,0
1,521346721226711040,5.2136593115581235e+17,ebola-essien,521366394135670785,0,63435894.0,87786129,22,0,1,0,0,0,0,0,1,0,1413138409000.0,0,0,0,0,0,0,0,107511,0,2290,19,30,4,8,0,575,London,1,0,1257456065000.0,0,0,1880203,0,0,1,0,0.0,3,-0.5,2,1,0,0,0,0,0,0,0
1,521346721226711040,5.2134943471907635e+17,ebola-essien,521367394108071936,0,430026970.0,2747372070,66,0,2,1,0,0,0,0,2,0,1413138647000.0,0,0,0,0,0,0,0,3299,0,392,1,42,6,7,0,121,,1,1,1408494756000.0,1,12639981,12639981,1,6,1,0,0.13636363636363635,8,-0.5,3,1,1,1,0,0,2,0,1
1,521346721226711040,5.213501308519219e+17,ebola-essien,521367512551002112,0,379856833.0,148334455,53,0,2,0,0,0,0,0,2,0,1413138676000.0,0,0,0,0,1,0,1,92959,0,1793,19,0,14,13,0,998,Santiago,1,0,1274878222000.0,1,16777215,16773197,0,5,0,0,0.39622641509433965,8,0.0,8,0,0,0,0,0,0,0,0
1,521346721226711040,5.2136739410807194e+17,ebola-essien,521367905062379521,0,2747372070.0,430026970,125,0,3,1,0,0,0,0,3,0,1413138769000.0,0,0,0,0,0,0,0,40227,0,1158,6,55,10,8,0,338,Athens,1,0,1323193304000.0,1,1579550,1710879,3,9,1,0,0.0975609756097561,18,-0.6,6,2,2,2,0,1,4,0,1
1,521346721226711040,5.213679050623795e+17,ebola-essien,521368022880378882,0,430026970.0,2747372070,59,0,2,0,0,0,0,0,2,0,1413138797000.0,0,0,0,0,0,0,0,3299,0,392,1,42,6,7,0,121,,1,1,1408494756000.0,1,12639981,12639981,2,2,0,0,0.1016949152542373,8,0.0,4,1,1,0,1,0,0,0,0
1,521346721226711040,5.213680228803789e+17,ebola-essien,521368940669583360,0,2747372070.0,430026970,67,0,2,0,0,0,0,0,2,0,1413139016000.0,0,0,0,0,0,0,0,40227,0,1158,6,55,10,8,0,338,Athens,1,0,1323193304000.0,1,1579550,1710879,2,3,0,0,0.1044776119402985,9,-0.4,5,1,1,0,0,0,0,0,0
1,521346721226711040,5.213675125510021e+17,ebola-essien,521371539082858496,0,148334455.0,379856833,46,0,2,0,0,0,0,0,2,0,1413139636000.0,0,0,1,0,0,0,0,179950,0,2573,6,101,8,13,0,2448,Santiago,1,0,1316972358000.0,1,0,12639981,0,0,0,0,0.1111111111111111,6,0.0,4,1,1,0,0,0,0,0,0
1,521346721226711040,5.213715390828585e+17,ebola-essien,521371742942797825,0,379856833.0,148334455,55,0,2,0,0,0,0,0,2,0,1413139684000.0,0,0,0,0,1,0,1,92959,0,1793,19,0,14,13,0,998,Santiago,1,0,1274878222000.0,1,16777215,16773197,0,4,0,0,0.43636363636363634,8,0.0,8,0,0,0,0,0,0,0,0
1,521350916872876033,,ebola-essien,521350916872876033,1,,2449736654,138,0,0,0,1,1,248,91,0,0,1413134719000.0,0,0,0,0,0,0,0,2181,0,469,2,154,13,15,0,1221,Pacific Time (US & Canada),1,0,1397740966000.0,0,0,12639981,2,12,0,0,0.14492753623188406,16,0.0,13,2,0,0,0,0,0,0,1
1,521350916872876033,5.21350916872876e+17,ebola-essien,521351878500560896,0,2449736654.0,1615936952,121,0,1,0,1,0,1,2,1,0,1413134948000.0,0,0,0,0,0,0,0,4850,0,372,0,32,2,9,0,329,,1,1,1374607328000.0,1,12639981,12639981,1,8,0,0,0.18803418803418803,13,0.0,9,3,0,0,0,0,0,0,1
1,521350916872876033,5.21350916872876e+17,ebola-essien,521352147955245056,0,2449736654.0,1363251582,46,0,2,0,0,0,0,0,2,0,1413135012000.0,0,0,0,0,0,0,0,3030,0,124,0,40,10,13,0,97,Atlantic Time (Canada),1,0,1366333120000.0,0,0,12639981,0,1,0,0,0.1956521739130435,5,-0.4,2,1,0,0,0,0,0,0,0
1,521350916872876033,5.21350916872876e+17,ebola-essien,521352363211505664,0,2449736654.0,532675528,35,0,2,0,0,0,0,0,2,0,1413135064000.0,0,0,0,0,0,0,0,1231,0,53,0,14,6,8,0,74,,1,0,1332375506000.0,1,0,585743,0,0,0,0,0.14285714285714285,3,0.0,2,1,0,0,0,0,0,0,0
1,521350916872876033,5.21350916872876e+17,ebola-essien,521355739789795328,0,2449736654.0,1653706189,33,0,2,0,0,0,0,0,2,0,1413135869000.0,0,0,0,0,0,0,0,18642,0,841,8,49,12,7,0,611,Central Time (US & Canada),1,1,1375903091000.0,0,12639981,12639981,0,0,0,0,0.21212121212121213,3,0.0,2,1,0,0,0,0,0,0,0
1,521350916872876033,5.21350916872876e+17,ebola-essien,521355767098515457,0,2449736654.0,983126694,40,0,3,0,0,0,0,1,3,0,1413135875000.0,0,0,0,0,0,0,0,40301,0,509,5,27,7,9,0,352,,1,1,1354388358000.0,1,12639981,12639981,0,3,0,0,0.125,3,0.0,1,1,1,0,0,0,0,0,0
1,521350916872876033,5.21350916872876e+17,ebola-essien,521356211472855040,0,2449736654.0,2280117494,97,0,2,0,0,0,0,5,2,0,1413135981000.0,0,0,0,0,0,0,0,5754,0,352,1,52,15,9,0,709,,1,1,1389074380000.0,1,12639981,12639981,0,0,0,0,0.061855670103092786,16,0.0,2,6,0,1,0,1,0,0,0
1,521350916872876033,5.21350916872876e+17,ebola-essien,521356337343922176,0,2449736654.0,1774509248,77,0,3,0,0,0,0,0,3,0,1413136011000.0,0,0,0,0,0,0,0,4521,0,128,0,17,8,8,0,92,Amsterdam,1,1,1378586613000.0,0,12639981,12639981,0,0,0,0,0.42857142857142855,8,0.0,6,1,1,0,0,0,0,0,0
1,521350916872876033,5.213563373439222e+17,ebola-essien,521356429060759554,0,1774509248.0,1015047810,49,0,3,0,0,0,0,0,3,0,1413136033000.0,0,0,0,0,0,0,0,15399,0,381,0,58,4,8,0,350,Athens,1,0,1355659146000.0,0,15658734,1250582,0,0,0,0,0.13636363636363635,3,0.0,3,0,0,0,0,0,0,0,0
1,521350916872876033,5.2135642906075955e+17,ebola-essien,521356557641322497,0,1015047810.0,1774509248,81,0,3,0,0,0,0,1,3,0,1413136064000.0,0,0,0,0,0,0,0,4521,0,128,0,17,8,8,0,92,Amsterdam,1,1,1378586613000.0,0,12639981,12639981,0,0,0,0,0.06756756756756757,10,0.0,6,1,3,0,0,0,0,0,0
1,521350916872876033,5.21350916872876e+17,ebola-essien,521356882485989377,0,2449736654.0,2337430453,26,0,1,0,0,0,0,0,1,0,1413136141000.0,0,0,0,0,0,0,0,939,0,130,0,37,9,9,0,126,Beijing,1,0,1392076406000.0,0,16777215,10066329,0,0,1,0,0.11538461538461539,3,-0.5,1,2,0,0,0,0,0,0,0
1,521350916872876033,5.21350916872876e+17,ebola-essien,521357339757383680,0,2449736654.0,24042177,41,0,2,0,0,0,0,0,2,0,1413136250000.0,0,0,0,0,0,0,0,2807,0,92,1,39,16,15,0,171,Eastern Time (US & Canada),1,0,1236893254000.0,1,0,140080,0,0,0,0,0.12195121951219512,4,0.0,1,2,0,0,0,0,0,0,0
1,521350916872876033,5.21350916872876e+17,ebola-essien,521357647904534528,0,2449736654.0,323046107,39,0,2,0,0,0,0,0,2,0,1413136324000.0,0,0,0,0,0,0,0,3298,0,207,0,0,19,10,0,176,Pacific Time (US & Canada),1,1,1308891279000.0,1,12639981,12639981,0,0,0,0,0.15384615384615385,3,0.0,2,1,0,0,0,0,0,0,0
1,521350916872876033,5.21350916872876e+17,ebola-essien,521359064132235264,0,2449736654.0,197835971,44,0,1,0,0,0,0,0,1,0,1413136661000.0,0,0,0,0,0,0,0,10344,0,272,4,20,9,8,0,166,London,1,0,1286035398000.0,0,12639981,12639981,0,0,0,0,0.09090909090909091,5,0.0,2,2,0,1,0,1,0,0,0
1,521350916872876033,5.213565576413225e+17,ebola-essien,521360044475318274,0,1774509248.0,105485468,52,0,1,0,0,0,1,0,1,0,1413136895000.0,0,0,1,1,0,0,0,28364,0,864,2,60,13,15,0,438,Greenland,1,1,1263650009000.0,1,12639981,12639981,0,2,0,0,0.061224489795918366,6,0.0,4,2,0,0,0,0,0,0,0
1,521350916872876033,5.213600444753183e+17,ebola-essien,521360371140284416,0,105485468.0,1774509248,93,0,1,0,0,0,0,0,1,0,1413136973000.0,0,0,0,0,0,0,0,4521,0,128,0,17,8,8,0,92,Amsterdam,1,1,1378586613000.0,0,12639981,12639981,0,0,0,0,0.022222222222222223,15,0.0,12,1,1,0,0,0,0,0,0
1,521350916872876033,5.213603711402844e+17,ebola-essien,521360891003305985,0,1774509248.0,105485468,48,0,1,0,0,0,0,0,1,0,1413137097000.0,0,0,1,1,0,0,0,28364,0,864,2,60,13,15,0,438,Greenland,1,1,1263650009000.0,1,12639981,12639981,0,0,0,0,0.020833333333333332,7,0.0,5,1,1,0,0,0,0,0,0
1,521350916872876033,5.213603711402844e+17,ebola-essien,521361263637843969,0,1774509248.0,1774509248,138,0,1,0,0,0,0,0,1,0,1413137186000.0,0,0,0,0,0,0,0,4521,0,128,0,17,8,8,0,92,Amsterdam,1,1,1378586613000.0,0,12639981,12639981,0,0,0,0,0.4420289855072464,16,0.2,11,2,1,0,0,0,0,0,0
1,521350916872876033,5.21361263637844e+17,ebola-essien,521361696141893632,0,1774509248.0,105485468,42,0,1,0,0,0,0,0,1,0,1413137289000.0,0,0,1,1,0,0,0,28364,0,864,2,60,13,15,0,438,Greenland,1,1,1263650009000.0,1,12639981,12639981,0,0,0,0,0.16666666666666666,8,0.0,5,1,1,0,0,0,0,0,0
1,521358118597689344,,ebola-essien,521358118597689344,1,,24044553,120,0,1,1,0,0,196,41,1,0,1413136436000.0,0,0,0,0,0,0,0,83232,0,232347,2165,85,13,9,0,144,Rome,0,0,1236893953000.0,1,16773929,0,2,8,0,0,0.06666666666666667,15,-0.4000000000000001,6,4,1,0,0,0,0,0,1
1,521358118597689344,5.2135811859768934e+17,ebola-essien,521359510473277440,0,24044553.0,2409229860,101,0,3,0,0,0,0,0,3,0,1413136768000.0,0,0,0,0,0,0,0,7766,0,514,9,7,14,10,0,304,Amsterdam,1,0,1395677818000.0,0,16777215,12639981,1,3,0,0,0.039603960396039604,15,0.037500000000000006,8,2,2,0,1,0,0,0,0
1,521358118597689344,5.2135811859768934e+17,ebola-essien,521359905614090240,0,24044553.0,1730212068,63,0,3,0,0,0,0,0,3,0,1413136862000.0,0,0,1,0,0,0,0,939,0,49,0,142,11,10,0,91,London,0,0,1378338928000.0,0,0,0,0,0,0,0,0.17073170731707318,3,0.0,3,0,0,0,0,0,0,0,0
1,521358118597689344,5.2135811859768934e+17,ebola-essien,521361636658278400,0,24044553.0,264279959,138,0,3,1,0,0,1,0,3,0,1413137275000.0,0,0,0,0,0,0,0,41933,0,1171,3,49,14,7,0,957,Abu Dhabi,1,1,1299862421000.0,1,12639981,12639981,2,8,0,0,0.10218978102189781,17,-0.4000000000000001,8,4,1,0,0,0,0,0,1
1,521358118597689344,5.2135811859768934e+17,ebola-essien,521381205464584192,0,24044553.0,169127929,58,0,2,0,0,0,0,0,2,0,1413141940000.0,0,0,0,0,1,0,1,1229,0,12,0,0,15,11,0,14,,1,1,1279729444000.0,0,12639981,12639981,3,4,0,0,0.1206896551724138,7,0.0,7,0,0,0,0,0,0,0,0
1,521359454672269313,,ebola-essien,521359454672269313,1,,2330299633,125,0,0,0,1,0,3751,1050,0,0,1413136755000.0,0,0,0,0,0,0,0,3005,0,241577,697,134,16,15,0,145,Casablanca,1,1,1391693223000.0,0,12639981,12639981,3,9,0,0,0.104,17,0.0,11,3,0,0,0,0,0,0,1
1,521359454672269313,5.213594546722693e+17,ebola-essien,521359704787021825,0,2330299633.0,99484020,135,0,1,0,1,0,0,0,1,0,1413136814000.0,0,1,0,0,1,0,1,305151,0,2438,15,137,9,8,0,379,London,1,0,1261827271000.0,0,16777215,16763981,3,13,0,0,0.1259259259259259,17,0.0,11,3,0,0,0,0,0,0,1
1,521359454672269313,5.213594546722693e+17,ebola-essien,521359818724892672,0,2330299633.0,2343303315,43,0,2,0,0,0,0,0,2,0,1413136841000.0,0,0,0,0,0,0,0,45987,0,5282,6,59,8,12,0,356,Bangkok,1,0,1392390740000.0,1,16777215,12639981,5,5,0,1,0.13953488372093023,4,0.7,2,1,1,0,0,0,0,0,0
1,521359454672269313,5.213594546722693e+17,ebola-essien,521359941224116227,0,2330299633.0,384548742,30,0,1,0,0,0,0,0,1,0,1413136871000.0,0,0,0,0,0,0,0,51964,0,1252,1,63,15,12,0,1072,London,1,0,1317679072000.0,1,16777215,197379,0,1,0,0,0.06666666666666667,3,0.0,1,2,0,0,0,0,0,0,0
1,521359454672269313,5.213594546722693e+17,ebola-essien,521360173303361536,0,2330299633.0,208904441,41,0,2,0,0,0,0,0,2,0,1413136926000.0,0,0,0,0,0,0,0,111918,0,2180,6,133,15,4,0,962,,1,0,1288240562000.0,1,16777215,1710879,0,0,0,0,0.4146341463414634,3,0.0,2,1,0,0,0,0,0,0,0
1,521359454672269313,5.213594546722693e+17,ebola-essien,521360256186998785,0,2330299633.0,2512159014,28,0,2,0,0,0,0,0,2,0,1413136946000.0,0,0,0,0,0,0,0,340,0,309,0,45,6,5,0,301,Amsterdam,1,0,1400667342000.0,1,16777215,6565259,0,1,0,0,0.21428571428571427,2,0.0,1,1,0,0,0,0,0,0,0
1,521359454672269313,5.213594546722693e+17,ebola-essien,521360425603317761,0,2330299633.0,167704836,60,0,1,0,0,0,13,12,1,0,1413136986000.0,0,0,0,0,0,0,0,86259,0,103233,1631,158,16,15,0,1341,Rome,1,1,1279353282000.0,1,12639981,12639981,0,1,1,0,0.05,7,-0.04999999999999999,1,2,1,0,0,0,0,0,0
1,521359454672269313,5.213602561869988e+17,ebola-essien,521360458440523776,0,2512159014.0,800355684,43,0,2,0,0,0,0,0,2,0,1413136994000.0,0,0,0,0,0,0,0,64877,0,2394,5,66,4,10,0,208,Casablanca,1,1,1346677159000.0,0,12639981,12639981,0,0,0,0,0.11627906976744186,6,0.0,3,2,0,1,0,0,1,0,0
1,521359454672269313,5.213594546722693e+17,ebola-essien,521360467382771714,0,2330299633.0,133344351,138,0,1,0,0,0,0,0,1,0,1413136996000.0,0,0,0,0,0,0,0,37622,0,1098,3,31,14,11,0,823,London,1,0,1271344529000.0,1,15658734,1250582,3,8,0,0,0.10869565217391304,20,0.0,13,4,0,0,0,0,0,0,0
1,521359454672269313,5.213594546722693e+17,ebola-essien,521360504603017216,0,2330299633.0,269336833,30,0,2,0,0,0,0,0,2,0,1413137005000.0,0,0,0,0,0,0,0,22351,0,718,1,159,5,9,0,283,Dublin,0,0,1300635104000.0,1,16777215,3552561,0,0,0,0,0.16666666666666666,2,0.0,1,1,0,0,0,0,0,0,0
1,521359454672269313,5.213594546722693e+17,ebola-essien,521360516678443009,0,2330299633.0,2187313040,53,0,1,0,0,0,0,0,1,0,1413137008000.0,0,0,0,0,0,0,0,32085,0,1076,0,15,5,6,0,184,Casablanca,1,1,1384124645000.0,1,12639981,12639981,0,1,1,0,0.05660377358490566,8,-0.7999999999999999,1,3,1,2,0,1,1,0,0
1,521359454672269313,5.213604584405238e+17,ebola-essien,521360543610044416,0,800355684.0,2512159014,58,0,2,0,0,0,0,0,2,0,1413137014000.0,0,0,0,0,0,0,0,340,0,309,0,45,6,5,0,301,Amsterdam,1,0,1400667342000.0,1,16777215,6565259,0,2,0,0,0.10344827586206896,7,0.25,5,0,1,0,0,0,0,0,0
1,521359454672269313,5.21360516678443e+17,ebola-essien,521360654541025281,0,2187313040.0,2559438899,54,0,2,0,0,0,0,1,2,0,1413137041000.0,0,0,0,0,0,0,0,5390,0,358,0,27,11,12,0,411,Athens,0,0,1400795079000.0,0,0,0,0,0,0,1,0.5185185185185185,8,0.35,5,2,0,0,0,0,0,0,0
1,521359454672269313,5.213605046030172e+17,ebola-essien,521360657623826433,0,269336833.0,625584229,93,0,2,0,0,0,0,0,2,0,1413137041000.0,0,0,0,0,0,0,0,17851,0,324,1,17,2,12,0,208,,1,0,1341324244000.0,0,0,0,2,3,0,0,0.053763440860215055,14,0.1,7,2,0,0,0,0,0,0,0
1,521359454672269313,5.213594546722693e+17,ebola-essien,521360700934205440,0,2330299633.0,241479253,94,0,1,0,0,0,0,2,1,0,1413137052000.0,0,0,0,0,0,0,0,91016,0,3213,29,113,12,12,0,871,Nairobi,1,0,1295692635000.0,1,0,1250582,2,3,0,0,0.031914893617021274,12,-0.8,4,4,1,1,0,1,0,0,0
1,521359454672269313,5.213606576238264e+17,ebola-essien,521360711281549312,0,625584229.0,269336833,39,0,2,0,0,0,0,0,2,0,1413137054000.0,0,0,0,0,0,0,0,22351,0,718,1,159,5,9,0,283,Dublin,0,0,1300635104000.0,1,16777215,3552561,0,0,0,0,0.13157894736842105,3,0.0,1,2,0,0,0,0,0,0,0
1,521359454672269313,5.213606545410253e+17,ebola-essien,521360729333841920,0,2559438899.0,2187313040,39,0,2,0,0,0,0,0,2,0,1413137058000.0,0,0,0,0,0,0,0,32085,0,1076,0,15,5,6,0,184,Casablanca,1,1,1384124645000.0,1,12639981,12639981,0,1,0,0,0.07692307692307693,4,0.0,1,1,0,0,0,0,1,0,0
1,521359454672269313,5.213594546722693e+17,ebola-essien,521361526822039552,0,2330299633.0,2330299633,76,0,0,1,0,0,100,27,0,0,1413137249000.0,0,0,0,0,0,0,0,3086,0,241094,706,134,16,15,0,158,Casablanca,1,1,1391693223000.0,0,12639981,12639981,1,8,0,0,0.13157894736842105,11,0.0,6,1,0,0,0,0,0,0,1
1,521359454672269313,5.213594546722693e+17,ebola-essien,521361753712902144,0,2330299633.0,109102416,132,0,3,0,1,0,0,0,3,0,1413137303000.0,0,0,0,0,0,0,0,13158,0,727,7,113,20,8,0,1074,Caracas,1,0,1264637514000.0,1,16777215,856338,2,12,0,0,0.13076923076923078,14,0.0,9,4,0,0,0,0,0,0,1
1,521359454672269313,5.213594546722693e+17,ebola-essien,521361778744115200,0,2330299633.0,1742526258,71,0,1,0,0,0,14,2,1,0,1413137309000.0,0,0,0,0,0,1,1,7926,0,120837,480,73,15,15,0,159,Chennai,1,0,1378538181000.0,1,0,0,0,2,1,0,0.11267605633802817,10,-0.625,7,2,1,0,0,0,0,0,0
1,521359454672269313,5.2136152682203955e+17,ebola-essien,521368175771144193,0,2330299633.0,74990212,103,0,1,1,0,0,0,0,1,0,1413138834000.0,0,0,0,0,0,0,0,140643,0,4511,457,50,7,10,0,2640,London,1,0,1253187303000.0,1,0,7217189,1,12,0,0,0.10101010101010101,12,0.0,6,2,0,0,0,0,0,0,1
1,521359454672269313,5.2136152682203955e+17,ebola-essien,521369576463142912,0,2330299633.0,28357727,127,0,1,0,0,0,0,2,1,0,1413139168000.0,0,0,0,0,0,0,0,31246,0,2162,90,143,10,9,0,978,London,1,0,1238686226000.0,1,1579550,1710879,2,4,0,1,0.031496062992125984,21,0.09523809523809523,6,4,4,0,0,1,0,0,0
1,521359454672269313,5.213695764631429e+17,ebola-essien,521370705875992576,0,28357727.0,312118983,132,0,2,1,0,0,0,0,2,0,1413139437000.0,0,0,0,0,0,0,0,1909,0,101,1,6,8,10,0,463,London,1,0,1307377307000.0,1,12639981,12639981,5,12,0,1,0.05303030303030303,19,0.35,4,6,1,0,0,0,1,0,1
1,521359454672269313,5.213707058759926e+17,ebola-essien,521371789583482881,0,312118983.0,28357727,102,0,2,0,0,0,0,0,2,0,1413139695000.0,0,0,0,0,1,0,1,31246,0,2162,90,143,10,9,0,978,London,1,0,1238686226000.0,1,1579550,1710879,0,3,0,0,0.058823529411764705,15,-0.25,7,4,1,2,0,0,2,0,0
1,521359454672269313,5.2136175371290214e+17,ebola-essien,521376391812907008,0,109102416.0,138361979,81,0,2,0,0,0,0,0,2,0,1413140793000.0,0,0,0,0,1,0,1,98219,0,1538,32,153,13,9,0,557,Caracas,1,0,1272535470000.0,1,0,6565259,0,2,0,0,0.012658227848101266,14,0.0,11,0,1,0,0,0,0,0,0
1,521359863884967936,,ebola-essien,521359863884967936,1,,315113964,135,0,0,1,0,0,123,20,0,0,1413136852000.0,0,0,0,0,0,0,0,33646,0,28220,264,80,15,11,0,476,Abu Dhabi,1,0,1307785997000.0,0,1579550,1710879,2,7,0,0,0.07407407407407407,19,-0.4000000000000001,8,4,2,0,0,0,1,0,1
1,521359863884967936,5.2135986388496794e+17,ebola-essien,521360035872800768,0,315113964.0,99484020,134,0,1,0,0,0,0,1,1,0,1413136893000.0,0,0,0,0,0,0,0,305151,0,2438,15,137,9,8,0,379,London,1,0,1261827271000.0,0,16777215,16763981,1,3,0,0,0.05223880597014925,20,0.04999999999999996,9,4,2,0,0,0,1,0,0
1,521359863884967936,5.2135986388496794e+17,ebola-essien,521360483551825920,0,315113964.0,92377901,59,0,1,0,0,0,0,0,1,0,1413137000000.0,0,0,0,0,1,0,1,116966,0,3442,39,55,5,7,0,218,Brussels,1,0,1259100373000.0,1,16777215,1710879,1,2,0,0,0.06779661016949153,8,-0.9,2,2,1,0,0,0,0,0,0
1,521359863884967936,5.2135986388496794e+17,ebola-essien,521360522579836928,0,315113964.0,2284520032,23,0,2,0,0,0,0,1,2,0,1413137009000.0,0,0,0,0,0,0,0,9887,0,847,3,146,2,8,0,175,Atlantic Time (Canada),1,1,1389821038000.0,1,12639981,12639981,0,0,0,0,0.13043478260869565,2,0.0,2,0,0,0,0,0,0,0,0
1,521359863884967936,5.213604835518259e+17,ebola-essien,521361442050551808,0,92377901.0,2610726109,11,0,1,0,0,0,0,0,1,0,1413137228000.0,0,0,0,0,0,0,0,1895,0,10,0,0,13,12,0,56,,1,1,1404778545000.0,0,12639981,12639981,0,0,0,0,0.18181818181818182,2,0.0,2,0,0,0,0,0,0,0,0
1,521359863884967936,5.213604835518259e+17,ebola-essien,521361503799103489,0,92377901.0,315113964,111,0,1,0,0,0,27,3,1,0,1413137243000.0,0,0,0,0,0,0,0,33829,0,28404,265,80,15,11,0,479,Abu Dhabi,1,0,1307785997000.0,0,1579550,1710879,2,2,0,0,0.07207207207207207,15,0.2,7,4,1,0,0,0,0,0,0
1,521359863884967936,5.213615037991035e+17,ebola-essien,521361609688903680,0,315113964.0,92377901,60,0,1,0,0,0,0,2,1,0,1413137268000.0,0,0,0,0,0,0,0,116966,0,3442,39,55,5,7,0,218,Brussels,1,0,1259100373000.0,1,16777215,1710879,2,3,0,1,0.06666666666666667,9,-0.25,2,2,0,3,0,0,3,0,0
1,521359863884967936,5.213615037991035e+17,ebola-essien,521363843650691073,0,315113964.0,2418466636,143,0,2,0,0,0,3,1,2,0,1413137801000.0,0,0,0,0,0,0,0,10510,0,5625,52,39,11,11,0,259,,1,0,1395090200000.0,1,15658734,1250582,2,5,0,0,0.07801418439716312,18,-0.19999999999999998,11,4,1,0,0,0,0,0,0
1,521359863884967936,5.213616096889037e+17,ebola-essien,521363927671013376,0,92377901.0,2418466636,61,0,2,0,0,0,0,0,2,0,1413137821000.0,0,0,0,0,0,0,0,10510,0,5625,52,39,11,11,0,259,,1,0,1395090200000.0,1,15658734,1250582,2,3,0,0,0.09836065573770492,8,-0.95,3,2,1,0,0,0,0,0,0
1,521359863884967936,5.213638436506911e+17,ebola-essien,521364073917976576,0,2418466636.0,2785984851,51,0,3,0,0,0,0,0,3,0,1413137856000.0,0,0,0,0,0,0,0,543,0,45,0,60,5,10,0,293,,0,0,1411754750000.0,1,0,0,3,3,0,0,0.3333333333333333,6,-0.4,6,0,0,0,0,0,0,0,0
1,521360486387175424,,ebola-essien,521360486387175424,1,,1594903015,125,0,0,0,1,0,781,328,0,0,1413137001000.0,0,0,0,0,0,0,0,728,0,115868,84,149,10,10,0,153,London,1,1,1373859148000.0,1,12639981,12639981,3,12,0,0,0.104,17,0.0,11,3,0,0,0,0,0,0,1
1,521360486387175424,5.213604863871754e+17,ebola-essien,521360786409943041,0,1594903015.0,528837552,40,0,1,0,0,0,0,1,1,0,1413137072000.0,0,0,0,0,0,0,0,73861,0,971,18,93,13,11,0,1980,London,1,0,1332103767000.0,1,16777215,15776802,0,1,0,0,0.1,5,0.0,2,1,0,1,0,0,1,0,0
1,521360486387175424,5.213604863871754e+17,ebola-essien,521368262010224640,0,1594903015.0,483739492,140,0,1,0,1,0,1,0,1,0,1413138854000.0,0,0,0,0,0,0,0,22900,0,1169,0,10,1,8,0,358,Paris,1,0,1328437568000.0,1,6664410,6565259,3,12,0,0,0.11594202898550725,18,0.0,12,3,0,0,0,0,0,0,1
1,521360486387175424,5.213604863871754e+17,ebola-essien,521371350934761472,0,1594903015.0,731357286,75,0,2,0,0,0,0,0,2,0,1413139591000.0,0,0,0,0,0,0,0,3176,0,170,0,152,15,10,0,266,London,1,0,1343851720000.0,1,16777215,1250582,1,2,0,1,0.06666666666666667,11,0.11250000000000002,3,2,1,2,0,0,1,0,0
1,521360486387175424,5.213604863871754e+17,ebola-essien,521373767130710016,0,1594903015.0,861997543,140,0,1,0,1,0,0,0,1,0,1413140167000.0,0,0,0,0,0,0,0,28105,0,1364,2,0,1,9,0,652,London,0,0,1349382445000.0,1,0,0,3,15,0,0,0.09420289855072464,18,0.0,12,3,0,0,0,0,0,0,1
1,521360486387175424,5.213604863871754e+17,ebola-essien,521376439099465728,0,1594903015.0,518034679,137,0,1,0,1,0,2,0,1,0,1413140804000.0,0,0,0,0,0,0,0,20265,0,1636,4,57,18,15,0,958,Amsterdam,1,0,1331163770000.0,1,16777215,11329238,3,9,0,0,0.1044776119402985,18,-0.4,10,4,0,0,0,0,0,0,1
1,521360486387175424,5.213604863871754e+17,ebola-essien,521378427681898498,0,1594903015.0,1594903015,124,0,1,0,0,0,65,47,1,0,1413141278000.0,0,0,0,0,0,0,0,889,0,115515,86,149,10,10,0,165,London,1,1,1373859148000.0,1,12639981,12639981,3,3,0,0,0.04032258064516129,21,-0.25,5,5,1,0,0,0,0,0,0
1,521360486387175424,5.213604863871754e+17,ebola-essien,521468392620834817,0,1594903015.0,149021247,38,0,3,0,0,0,0,0,3,0,1413162727000.0,0,0,0,0,0,0,0,835,0,259,0,0,20,12,0,319,Arizona,1,1,1275026798000.0,1,12639981,12639981,0,1,0,0,0.07894736842105263,3,0.0,3,0,0,0,0,0,0,0,0
1,521360486387175424,5.214683926208348e+17,ebola-essien,521468848466591744,0,149021247.0,1161707989,51,0,3,0,0,0,0,0,3,0,1413162836000.0,0,0,0,0,0,0,0,22601,0,689,0,8,4,10,0,709,,0,0,1360374771000.0,1,0,0,0,1,0,0,0.08,5,-0.5,5,0,0,0,0,0,0,0,0
1,521361857810939905,,ebola-essien,521361857810939905,1,,1742526258,96,0,0,0,0,0,268,94,0,0,1413137327000.0,0,0,0,0,0,0,0,7496,0,118697,470,73,15,15,0,159,Chennai,1,0,1378538181000.0,1,0,0,1,1,0,0,0.0625,15,-2.7755575615628914e-17,6,4,1,0,0,0,0,0,0
1,521361857810939905,5.213618578109399e+17,ebola-essien,521361946990620672,0,1742526258.0,314053199,126,0,1,0,0,0,0,0,1,0,1413137349000.0,0,0,0,0,0,0,0,72414,0,491,1,45,3,6,0,135,Central Time (US & Canada),1,0,1307638376000.0,1,0,0,2,3,0,0,0.06451612903225806,18,0.19999999999999996,9,4,1,0,0,0,0,0,0
1,521361857810939905,5.213618578109399e+17,ebola-essien,521362075114020865,0,1742526258.0,130477693,47,0,1,0,0,0,0,1,1,0,1413137379000.0,0,0,0,0,0,0,0,6519,0,194,3,96,13,15,0,365,Ljubljana,1,1,1270641431000.0,1,12639981,12639981,3,3,0,0,0.02127659574468085,6,-0.8,4,0,0,0,0,0,0,0,0
1,521361857810939905,5.213618578109399e+17,ebola-essien,521363173770010624,0,1742526258.0,572515722,74,0,1,1,0,0,0,0,1,0,1413137641000.0,0,0,0,0,0,0,0,557,0,31,3,0,11,12,0,80,,1,1,1336293032000.0,1,12639981,12639981,3,8,1,0,0.06756756756756757,7,-0.75,5,1,1,0,0,0,0,0,1
1,521361857810939905,5.213618578109399e+17,ebola-essien,521364456316862466,0,1742526258.0,727967137,118,0,1,0,0,0,0,0,1,0,1413137947000.0,0,0,0,0,0,0,0,2084,0,876,1,13,16,14,0,1783,Hawaii,1,0,1343725559000.0,1,16777215,12639981,1,2,0,0,0.06140350877192982,16,-2.7755575615628914e-17,7,4,1,0,0,0,0,0,0
1,521361857810939905,5.213618578109399e+17,ebola-essien,521365024221429761,0,1742526258.0,366636029,136,0,1,0,0,0,0,0,1,0,1413138082000.0,0,0,0,0,0,0,0,5924,0,467,0,43,8,7,0,316,Atlantic Time (Canada),1,0,1314975194000.0,0,16777215,3564152,1,2,0,0,0.05263157894736842,20,-2.7755575615628914e-17,8,4,1,0,0,0,0,0,0
1,521361857810939905,5.213618578109399e+17,ebola-essien,521367005853929472,0,1742526258.0,607749493,127,0,2,0,0,0,0,1,2,0,1413138555000.0,0,0,0,0,0,0,0,11338,0,379,0,5,13,15,0,364,Atlantic Time (Canada),1,0,1339640820000.0,0,0,328965,1,4,0,0,0.056,17,-2.7755575615628914e-17,8,4,1,0,0,0,0,0,0
1,521361857810939905,5.213618578109399e+17,ebola-essien,521367186221584384,0,1742526258.0,758657324,50,0,1,0,0,0,0,0,1,0,1413138598000.0,0,0,0,0,0,0,0,3210,0,110,0,85,7,12,0,246,,1,1,1345008955000.0,1,12639981,12639981,0,0,0,0,0.02,8,0.5,3,2,1,0,0,0,0,0,0
1,521361857810939905,5.213618578109399e+17,ebola-essien,521428732968726528,0,1742526258.0,345414901,129,0,2,0,0,0,0,0,2,0,1413153272000.0,0,0,0,0,0,0,0,4350,0,431,2,117,14,15,0,560,London,1,1,1312039243000.0,1,12639981,12639981,1,5,0,0,0.05511811023622047,18,-2.7755575615628914e-17,9,4,1,0,0,0,0,0,0
1,521361857810939905,5.213618578109399e+17,ebola-essien,521432231819378688,0,1742526258.0,1975934946,120,0,1,0,0,0,0,1,1,0,1413154106000.0,0,0,0,0,0,0,0,1358,0,218,0,69,8,11,0,438,,1,1,1382293235000.0,0,12639981,12639981,1,2,0,0,0.06086956521739131,16,-2.7755575615628914e-17,7,4,1,0,0,0,0,0,0
1,521361857810939905,5.213618578109399e+17,ebola-essien,521433093937180673,0,1742526258.0,2351068298,122,0,1,0,0,0,0,0,1,0,1413154312000.0,0,0,0,0,0,0,0,687,0,116,0,22,15,12,0,100,,1,1,1392781289000.0,1,12639981,12639981,1,2,0,0,0.06086956521739131,16,-2.7755575615628914e-17,7,4,1,0,0,0,0,0,0
1,521361857810939905,5.213618578109399e+17,ebola-essien,521433769287630848,0,1742526258.0,623747054,59,0,2,0,0,0,0,0,2,0,1413154473000.0,0,0,0,0,0,0,0,254,0,98,0,43,12,12,0,593,,1,1,1341149521000.0,1,12639981,12639981,1,2,0,0,0.0,5,0.0,1,3,1,0,0,0,0,0,0
1,521361857810939905,5.213618578109399e+17,ebola-essien,521438344740618240,0,1742526258.0,2223952176,127,0,2,0,0,0,0,2,2,0,1413155563000.0,0,0,0,0,0,0,0,88,0,74,0,0,7,10,0,147,,1,1,1385859171000.0,0,12639981,12639981,1,4,0,0,0.056,17,-2.7755575615628914e-17,8,4,1,0,0,0,0,0,0
1,521361857810939905,5.214287329687265e+17,ebola-essien,521561038966493185,0,345414901.0,1269729182,66,0,1,0,0,0,0,0,1,0,1413184816000.0,0,0,0,0,0,0,0,2765,0,104,0,34,12,7,0,566,London,1,0,1363354046000.0,1,16777215,12639981,0,2,0,0,0.06060606060606061,9,0.0,4,2,0,1,1,0,0,0,0
1,521367917322338304,,ebola-essien,521367917322338304,1,,1262229906,148,0,0,0,0,1,10402,4145,0,0,1413138772000.0,0,0,0,0,0,0,0,509,1,488496,1623,63,14,13,0,176,,1,1,1363102442000.0,0,12639981,12639981,2,8,0,0,0.02702702702702703,25,0.05000000000000001,7,6,3,1,0,0,0,0,0
1,521367917322338304,5.213679173223383e+17,ebola-essien,521368077746069504,0,1262229906.0,528837552,29,0,1,0,0,0,2,8,1,0,1413138810000.0,0,0,0,0,0,1,1,73861,0,971,18,93,13,11,0,1980,London,1,0,1332103767000.0,1,16777215,15776802,0,1,0,1,0.06896551724137931,4,1.0,1,1,1,0,0,0,0,0,0
1,521367917322338304,5.213679173223383e+17,ebola-essien,521368140337672192,0,1262229906.0,476299993,139,0,1,0,0,0,3,4,1,0,1413138825000.0,0,0,0,0,0,1,1,102834,0,1397,6,152,14,12,0,1318,Atlantic Time (Canada),1,0,1327709828000.0,0,16777215,1710879,4,14,0,0,0.04316546762589928,23,0.5,8,4,2,2,0,1,0,0,0
1,521367917322338304,5.213679173223383e+17,ebola-essien,521368183358648321,0,1262229906.0,1498675844,29,0,1,0,0,0,1,1,1,0,1413138836000.0,0,0,0,0,0,0,0,20232,0,1927,6,6,4,11,0,826,Amsterdam,1,1,1370880875000.0,0,12639981,12639981,0,0,0,1,0.06896551724137931,4,0.5,2,1,0,1,0,1,0,0,0
1,521367917322338304,5.213679173223383e+17,ebola-essien,521368203713597440,0,1262229906.0,1485948210,38,0,2,0,0,0,0,0,2,0,1413138840000.0,0,0,0,0,0,0,0,20043,0,2971,4,121,5,9,0,481,,1,0,1370464749000.0,1,16777215,16060689,0,2,0,0,0.13157894736842105,4,0.0,4,0,0,0,0,0,0,0,0
1,521367917322338304,5.2136820371359744e+17,ebola-essien,521368241944662017,0,1485948210.0,356409820,29,0,2,0,0,0,0,0,2,0,1413138850000.0,0,0,0,0,0,0,0,17670,0,677,3,32,4,14,0,344,,1,0,1313526126000.0,0,15658734,1250582,0,0,0,0,0.2413793103448276,3,0.0,3,0,0,0,0,0,0,0,0
1,521367917322338304,5.213679173223383e+17,ebola-essien,521368265768321024,0,1262229906.0,159412087,34,0,1,0,0,0,5,7,1,0,1413138855000.0,0,0,0,0,0,0,0,42054,0,22699,159,132,6,11,0,670,Cairo,1,0,1277455945000.0,0,16777215,1250582,0,0,0,1,0.08823529411764706,5,0.5,2,1,0,2,1,1,0,0,0
1,521367917322338304,5.213679173223383e+17,ebola-essien,521368268364582913,0,1262229906.0,165003246,29,0,1,0,0,0,0,1,1,0,1413138856000.0,0,0,0,0,0,0,0,54526,0,1455,8,119,11,6,0,21,Greenland,1,0,1278753899000.0,0,16777215,0,0,0,0,0,0.5517241379310345,2,0.0,2,0,0,0,0,0,0,0,0
1,521367917322338304,5.21368241944662e+17,ebola-essien,521368281178210304,0,356409820.0,1485948210,33,0,2,0,0,0,0,0,2,0,1413138859000.0,0,0,0,0,0,0,0,20043,0,2971,4,121,5,9,0,481,,1,0,1370464749000.0,1,16777215,16060689,0,4,0,0,0.12121212121212122,2,0.25,2,0,0,0,0,0,0,0,0
1,521367917322338304,5.213679173223383e+17,ebola-essien,521368281526321152,0,1262229906.0,593604107,47,0,1,0,0,0,0,0,1,0,1413138859000.0,0,0,1,1,0,0,0,18724,0,265,4,79,11,10,0,445,Casablanca,1,1,1338289531000.0,0,12639981,12639981,1,1,0,0,0.06382978723404255,7,-0.25,3,2,0,1,0,0,1,0,0
1,521367917322338304,5.213679173223383e+17,ebola-essien,521368316976582657,0,1262229906.0,299506204,37,0,1,0,0,0,0,0,1,0,1413138867000.0,0,0,0,0,0,1,1,24552,0,2491,26,72,3,8,0,175,Amsterdam,1,0,1305527141000.0,0,16777215,1250582,0,1,0,1,0.10810810810810811,5,1.0,3,1,0,0,0,0,0,0,0
1,521367917322338304,5.213679173223383e+17,ebola-essien,521368392280715265,0,1262229906.0,359605751,57,0,1,0,0,0,0,0,1,0,1413138885000.0,0,0,0,0,0,0,0,19765,0,683,7,5,14,9,0,515,Islamabad,0,0,1313962973000.0,1,16777215,3373201,1,3,0,1,0.07017543859649122,8,0.8,5,1,1,0,0,0,0,0,0
1,521367917322338304,5.213679173223383e+17,ebola-essien,521368477303861248,0,1262229906.0,92377901,42,0,1,0,0,0,0,3,1,0,1413138906000.0,0,0,0,0,0,0,0,116966,0,3442,39,55,5,7,0,218,Brussels,1,0,1259100373000.0,1,16777215,1710879,1,1,0,0,0.07142857142857142,5,0.0,3,1,0,0,0,0,0,0,0
1,521367917322338304,5.213679173223383e+17,ebola-essien,521368486053150721,0,1262229906.0,18351127,57,0,1,0,0,1,0,0,1,0,1413138908000.0,0,0,0,0,0,1,1,39104,0,3376,124,138,16,11,0,995,Eastern Time (US & Canada),1,0,1230093955000.0,1,11061239,140080,0,2,0,0,0.08771929824561403,8,0.5625,3,1,1,1,0,1,0,0,0
1,521367917322338304,5.213679173223383e+17,ebola-essien,521368587894661121,0,1262229906.0,370948827,23,0,1,0,0,0,0,0,1,0,1413138932000.0,0,0,0,0,0,1,1,37764,0,3952,27,117,13,15,0,641,Kuwait,1,0,1315608486000.0,1,12639981,12639981,0,1,0,0,0.13043478260869565,3,0.0,2,0,0,1,0,0,1,0,0
1,521367917322338304,5.213679173223383e+17,ebola-essien,521368597734912000,0,1262229906.0,1438562090,25,0,1,0,0,0,1,2,1,0,1413138934000.0,0,0,0,0,1,0,1,45829,0,1697,3,23,5,8,0,98,Dublin,1,1,1368887868000.0,1,12639981,12639981,0,1,0,0,0.08,4,0.0,2,1,1,0,0,0,0,0,0
1,521367917322338304,5.213679173223383e+17,ebola-essien,521368752135610368,0,1262229906.0,2167216911,54,0,1,0,0,0,2,0,1,0,1413138971000.0,0,0,0,0,0,0,0,73019,0,10485,5,1,4,7,0,566,London,1,1,1383526542000.0,0,12639981,12639981,0,1,0,0,0.05660377358490566,9,0.0,3,2,0,1,0,1,0,0,0
1,521367917322338304,5.213679173223383e+17,ebola-essien,521368769621667840,0,1262229906.0,620456944,84,0,2,0,0,0,0,3,2,0,1413138975000.0,0,0,0,0,0,1,1,30743,0,186,1,28,14,7,0,200,Hawaii,0,0,1340841243000.0,1,0,1288,0,3,0,1,0.03614457831325301,13,0.8033333333333333,4,2,1,0,0,0,0,0,0
1,521367917322338304,5.213682683645829e+17,ebola-essien,521792966776877056,0,165003246.0,829117166,28,0,2,0,0,0,0,0,2,0,1413240112000.0,0,0,0,0,0,0,0,14775,0,3005,1,2,13,12,0,863,Amsterdam,1,0,1347890350000.0,1,13382502,16737945,0,1,0,0,0.10714285714285714,3,0.0,3,0,0,0,0,0,0,0,0
1,521369179392581632,,ebola-essien,521369179392581632,1,,159412087,69,0,0,1,0,0,117,67,0,0,1413139073000.0,0,0,0,0,0,0,0,40676,0,21833,148,132,6,11,0,652,Cairo,1,0,1277455945000.0,0,16777215,1250582,1,7,0,1,0.10144927536231885,8,0.0,5,1,0,0,0,0,0,0,1
1,521369179392581632,5.213691793925816e+17,ebola-essien,521369380249432064,0,159412087.0,1042012837,18,0,1,0,0,0,0,0,1,0,1413139121000.0,0,0,0,0,0,0,0,33334,0,1394,15,98,11,9,0,78,Baghdad,1,0,1356695249000.0,1,16777215,12639981,1,1,0,0,0.1111111111111111,2,0.0,2,0,0,0,0,0,0,0,0
1,521369179392581632,5.213691793925816e+17,ebola-essien,521369485144387584,0,159412087.0,201031367,28,0,1,0,0,0,0,1,1,0,1413139146000.0,0,0,0,0,0,0,0,84122,0,1846,14,77,16,6,0,751,Karachi,1,0,1286749820000.0,1,16777215,9737633,1,1,0,0,0.4642857142857143,4,1.0,4,0,0,0,0,0,0,0,0
1,521369179392581632,5.213691793925816e+17,ebola-essien,521369671975858176,0,159412087.0,1049507492,49,0,1,0,0,0,0,1,1,0,1413139191000.0,0,0,0,0,0,0,0,6086,0,1278,4,0,16,14,0,2000,Dublin,1,1,1356928978000.0,0,12639981,12639981,0,0,0,0,0.02040816326530612,6,0.7,3,1,1,0,0,0,0,0,0
1,521369179392581632,5.213691793925816e+17,ebola-essien,521370061550809088,0,159412087.0,1323550160,51,0,1,0,0,0,0,1,1,0,1413139283000.0,0,0,0,0,0,0,0,540,0,86,0,0,9,11,0,1012,,1,1,1364949316000.0,0,12639981,12639981,1,1,0,0,0.06,8,0.0,6,2,0,0,0,0,0,0,0
1,521369179392581632,5.213700615508091e+17,ebola-essien,521370224256614400,0,1323550160.0,159412087,24,0,1,0,0,0,0,0,1,0,1413139322000.0,0,0,0,0,0,0,0,42054,0,22699,159,132,6,11,0,670,Cairo,1,0,1277455945000.0,0,16777215,1250582,1,2,0,0,0.08333333333333333,3,0.2,2,1,0,0,0,0,0,0,0
1,521369179392581632,5.213691793925816e+17,ebola-essien,521370496928337920,0,159412087.0,96820406,73,0,1,0,0,0,0,0,1,0,1413139387000.0,0,0,0,0,0,0,0,928,0,57,0,0,15,14,0,224,London,0,0,1260817756000.0,0,16777215,12639981,1,2,0,1,0.0273972602739726,13,-0.09999999999999998,2,2,2,3,1,0,2,0,0
1,521369179392581632,5.213702242566144e+17,ebola-essien,521370530134626307,0,159412087.0,1323550160,87,0,1,0,0,0,0,0,1,0,1413139395000.0,0,0,0,0,0,0,0,540,0,86,0,0,9,11,0,1012,,1,1,1364949316000.0,0,12639981,12639981,2,6,0,0,0.04597701149425287,13,1.0,4,2,3,1,0,0,1,0,0
1,521369179392581632,5.213702242566144e+17,ebola-essien,521370771793670144,0,159412087.0,1323550160,57,0,1,0,0,0,0,0,1,0,1413139453000.0,0,0,0,0,0,0,0,540,0,86,0,0,9,11,0,1012,,1,1,1364949316000.0,0,12639981,12639981,1,1,0,1,0.03508771929824561,10,0.5,2,1,2,0,0,0,0,0,0
1,521369179392581632,5.213691793925816e+17,ebola-essien,521372372927266817,0,159412087.0,384622536,95,0,2,1,0,0,1,1,2,0,1413139834000.0,0,0,0,0,0,0,0,5783,0,335,1,70,5,12,0,291,Quito,1,1,1317690637000.0,0,12639981,12639981,1,9,0,1,0.06451612903225806,10,0.0,6,1,1,0,0,0,0,0,1
1,521369179392581632,5.213691793925816e+17,ebola-essien,521373142347153409,0,159412087.0,2338265452,85,0,1,1,0,0,0,3,1,0,1413140018000.0,0,0,0,0,0,0,0,3875,0,1278,8,129,13,14,0,1261,,1,1,1392144984000.0,1,12639981,12639981,1,8,0,1,0.10843373493975904,9,0.0,5,1,1,0,0,0,0,0,1
1,521369179392581632,5.213691793925816e+17,ebola-essien,521373433654157312,0,159412087.0,771574574,140,0,1,1,0,0,0,0,1,0,1413140087000.0,0,0,0,0,1,1,1,54861,0,884,2,0,5,11,0,824,,1,0,1345557999000.0,0,12639981,12639981,1,11,0,1,0.072992700729927,19,1.0,6,4,2,1,0,0,1,0,1
1,521369179392581632,5.213691793925816e+17,ebola-essien,521373960509079552,0,159412087.0,562286793,100,0,2,1,0,0,0,1,2,0,1413140213000.0,0,0,0,0,0,0,0,5547,0,283,1,22,13,10,0,202,,1,1,1335289014000.0,1,12639981,12639981,1,7,0,1,0.1326530612244898,10,0.0,6,1,1,0,0,0,0,0,1
1,521369179392581632,5.213691793925816e+17,ebola-essien,521378607231279104,0,159412087.0,2547617447,93,0,1,1,0,0,0,0,1,0,1413141321000.0,0,0,0,0,0,1,1,180,0,62,0,32,9,9,0,359,,1,0,1400082245000.0,1,14671839,15461355,2,10,0,0,0.10752688172043011,12,0.59375,6,2,2,1,0,0,1,0,1
1,521369179392581632,5.213691793925816e+17,ebola-essien,521410632953131008,0,159412087.0,159811191,38,0,1,0,1,0,0,1,1,0,1413148956000.0,0,0,0,0,0,0,0,78030,0,3636,16,31,8,10,0,1374,Kuwait,1,0,1277552643000.0,1,16777215,1187302,1,7,0,0,0.1111111111111111,2,0.0,2,0,0,0,0,0,0,0,1
1,521375609206083584,,ebola-essien,521375609206083584,1,,1561123663,130,0,0,1,1,0,192,116,0,0,1413140606000.0,0,0,0,0,0,0,0,15448,1,73548,608,40,18,5,0,716,London,1,0,1372701077000.0,1,16777215,12639981,3,16,0,1,0.1076923076923077,16,0.14999999999999994,8,3,2,0,0,0,0,0,1
1,521375609206083584,5.213756092060836e+17,ebola-essien,521375739489579008,0,1561123663.0,35587675,45,0,1,0,0,0,0,1,1,0,1413140637000.0,0,0,0,0,0,0,0,2736,0,123,4,82,14,14,0,722,Dublin,1,0,1240785782000.0,1,16777215,1710879,0,1,1,0,0.0,7,-0.7142857142857143,1,2,1,0,0,0,0,0,0
1,521375609206083584,5.213756092060836e+17,ebola-essien,521375890908143616,0,1561123663.0,388290925,41,0,2,0,0,0,0,0,2,0,1413140673000.0,0,0,0,0,0,0,0,7499,0,222,3,75,15,13,0,176,Abu Dhabi,1,0,1318256290000.0,1,16777215,10921638,0,1,0,0,0.08333333333333333,2,0.0,2,0,0,0,0,0,0,0,0
1,521375609206083584,5.213756092060836e+17,ebola-essien,521376925357727744,0,1561123663.0,2653333455,65,0,2,0,0,0,0,0,2,0,1413140920000.0,0,0,0,0,0,0,0,74,0,25,0,0,10,15,0,50,,1,1,1404050308000.0,0,12639981,12639981,0,1,0,0,0.0,11,1.0,2,4,0,1,1,0,0,0,0
1,521375609206083584,5.213756092060836e+17,ebola-essien,521379349229236224,0,1561123663.0,2355940490,106,0,1,0,0,0,1,0,1,0,1413141498000.0,0,0,0,0,0,0,0,1150,0,59,1,0,8,15,0,210,,1,1,1393052943000.0,0,12639981,12639981,1,2,0,1,0.018867924528301886,16,0.6,4,4,1,1,0,0,1,0,0
1,521375609206083584,5.213756092060836e+17,ebola-essien,521383647442923521,0,1561123663.0,1015469527,15,0,2,0,0,0,0,0,2,0,1413142523000.0,0,0,0,0,0,0,0,586,0,81,0,36,10,12,0,435,,1,1,1355672437000.0,1,12639981,12639981,0,2,0,0,0.06666666666666667,2,0.0,2,0,0,0,0,0,0,0,0
1,521375609206083584,5.213756092060836e+17,ebola-essien,521399340095791104,0,1561123663.0,540783849,56,0,1,0,0,0,0,0,1,0,1413146264000.0,0,0,1,1,0,0,0,157,0,100,0,134,10,12,0,99,,1,1,1333102547000.0,1,12639981,12639981,2,4,0,0,0.0,10,-0.2,3,0,1,2,1,0,1,0,0
1,521375609206083584,5.213756092060836e+17,ebola-essien,521419413573353472,0,1561123663.0,1598026315,140,0,1,1,1,0,1,0,1,0,1413151050000.0,0,0,0,0,0,0,0,13010,0,3531,6,156,10,10,0,2018,Arizona,1,1,1373967805000.0,1,12639981,12639981,3,18,0,1,0.10869565217391304,17,0.14999999999999994,8,3,2,0,0,0,0,0,1
1,521375609206083584,5.213756092060836e+17,ebola-essien,521419674089959424,0,1561123663.0,2777453165,15,0,1,0,0,0,0,1,1,0,1413151112000.0,0,0,0,0,0,0,0,753,0,726,4,16,13,12,0,1567,,1,1,1411195009000.0,1,12639981,12639981,0,1,0,0,0.06666666666666667,3,0.0,3,0,0,0,0,0,0,0,0
1,521375609206083584,5.214194135733535e+17,ebola-essien,521428664567988224,0,1598026315.0,238527766,129,0,2,0,0,1,0,0,2,0,1413153255000.0,0,0,0,0,0,0,0,542,0,60,2,0,8,8,0,245,Casablanca,1,1,1295090411000.0,0,12639981,12639981,1,5,0,1,0.015503875968992248,21,0.425,7,3,1,1,1,0,2,0,0
1,521375609206083584,5.213756092060836e+17,ebola-essien,521446676100550656,0,1561123663.0,361485019,87,0,1,0,0,0,0,0,1,0,1413157550000.0,0,0,1,1,0,0,0,36837,0,1431,13,154,11,9,0,1229,,1,0,1314220667000.0,1,12639981,12639981,2,7,1,0,0.05747126436781609,15,-0.5,7,1,1,1,0,1,0,0,0
1,521375609206083584,5.213756092060836e+17,ebola-essien,521448397543600128,0,1561123663.0,2362031051,104,0,2,0,0,0,1,0,2,0,1413157960000.0,0,0,0,0,1,1,1,259,0,22,0,0,15,14,0,182,,1,1,1393207263000.0,0,12639981,12639981,1,6,0,0,0.028846153846153848,18,-0.390625,6,6,2,1,0,0,1,0,0
1,521375609206083584,5.213756092060836e+17,ebola-essien,521465534517608448,0,1561123663.0,1738867202,30,0,1,1,0,0,0,0,1,0,1413162046000.0,0,0,0,0,0,0,0,125443,0,5065,3,0,20,8,0,8,,1,1,1378514770000.0,0,12639981,12639981,1,7,0,0,0.16666666666666666,2,0.0,2,0,0,0,0,0,0,0,1
1,521381662551474176,,ebola-essien,521381662551474176,1,,1262229906,129,0,0,1,0,0,1464,559,0,0,1413142049000.0,0,0,0,0,0,0,0,509,1,488496,1623,63,14,13,0,176,,1,1,1363102442000.0,0,12639981,12639981,2,11,0,0,0.078125,19,0.36,5,4,2,1,0,0,0,0,1
1,521381662551474176,5.213816625514742e+17,ebola-essien,521381759683162113,0,1262229906.0,134290883,21,0,1,0,0,0,0,0,1,0,1413142073000.0,0,0,0,0,0,0,0,25161,0,2576,8,94,18,12,0,711,Hawaii,1,0,1271552570000.0,1,11385051,67594,0,0,0,0,0.14285714285714285,3,0.0,3,0,0,0,0,0,0,0,0
1,521381662551474176,5.213816625514742e+17,ebola-essien,521381891967295488,0,1262229906.0,629444340,68,0,1,0,0,0,0,0,1,0,1413142104000.0,0,0,0,0,0,0,0,28,0,20,0,0,9,10,0,46,,1,1,1341670909000.0,1,12639981,12639981,0,1,0,0,0.029411764705882353,10,-0.30000000000000004,4,2,2,0,0,1,0,0,0
1,521381662551474176,5.213816625514742e+17,ebola-essien,521382004433371137,0,1262229906.0,130647116,140,0,1,1,0,0,1,0,1,0,1413142131000.0,0,0,0,0,0,0,0,35691,0,14519,106,139,19,14,0,552,Central Time (US & Canada),1,0,1270679617000.0,1,16777215,1250582,2,10,0,0,0.057971014492753624,19,0.36,5,4,2,1,0,0,0,0,1
1,521381662551474176,5.213816625514742e+17,ebola-essien,521382218443530240,0,1262229906.0,293698185,37,0,1,0,0,0,0,1,1,0,1413142182000.0,0,0,1,1,0,1,1,115145,0,1453,20,139,17,7,0,1300,London,1,0,1304626958000.0,1,16777215,12639981,0,5,0,0,0.08108108108108109,5,0.0,2,1,0,2,0,1,1,0,0
1,521381662551474176,5.213816625514742e+17,ebola-essien,521382867973464064,0,1262229906.0,65453567,124,0,1,0,0,0,1,1,1,0,1413142337000.0,0,0,0,0,0,0,0,13663,0,6597,17,30,11,10,0,1137,Harare,1,0,1250193869000.0,1,12639981,12639981,3,11,0,0,0.07377049180327869,19,0.36,7,3,2,1,0,0,0,0,0
1,521381662551474176,5.213818919672955e+17,ebola-essien,521383201198309376,0,629444340.0,361327685,75,0,2,0,0,0,0,0,2,0,1413142416000.0,0,0,0,0,0,0,0,104585,0,2438,32,11,14,12,0,294,London,1,0,1314203275000.0,1,0,12639981,1,6,0,0,0.04,12,0.5,4,4,0,1,0,0,1,0,0
1,521381662551474176,5.213832011983094e+17,ebola-essien,521383531059355648,0,361327685.0,629444340,85,0,2,0,0,0,0,0,2,0,1413142495000.0,0,0,0,0,0,0,0,28,0,20,0,0,9,10,0,46,,1,1,1341670909000.0,1,12639981,12639981,1,1,0,0,0.07058823529411765,13,0.0,6,1,1,0,0,0,0,0,0
1,521381662551474176,5.213816625514742e+17,ebola-essien,521383550864867328,0,1262229906.0,564022418,39,0,2,0,0,0,0,0,2,0,1413142500000.0,0,0,0,0,0,0,0,10888,0,874,0,10,3,10,0,663,London,1,1,1335472803000.0,1,12639981,12639981,0,1,0,0,0.05128205128205128,6,0.0,3,1,0,0,0,0,0,0,0
1,521381662551474176,5.213816625514742e+17,ebola-essien,521386948133654528,0,1262229906.0,19201903,29,0,2,0,0,0,0,0,2,0,1413143309000.0,0,0,0,0,0,0,0,3179,0,133,2,31,3,7,0,254,Eastern Time (US & Canada),1,0,1232398883000.0,1,16777215,1710879,0,1,0,0,0.13793103448275862,2,0.0,2,0,0,0,0,0,0,0,0
1,521381662551474176,5.213817596831621e+17,ebola-essien,521393860942254081,0,134290883.0,2631291195,73,0,2,0,0,0,0,0,2,0,1413144958000.0,0,0,0,0,1,0,1,1208,0,122,0,88,9,8,0,70,London,0,0,1403440461000.0,1,16777215,2791134,0,3,0,0,0.0547945205479452,9,0.0,4,0,0,1,0,1,0,0,0
1,521381662551474176,5.213938609422541e+17,ebola-essien,521396608639172608,0,2631291195.0,134290883,35,0,1,0,0,0,0,0,1,0,1413145613000.0,0,0,0,0,0,0,0,25161,0,2576,8,94,18,12,0,711,Hawaii,1,0,1271552570000.0,1,11385051,67594,0,1,0,0,0.15151515151515152,7,0.0,2,1,0,1,0,0,0,0,0
1,521381662551474176,5.213966086391726e+17,ebola-essien,521396966929207297,0,134290883.0,2631291195,39,0,1,0,0,0,0,0,1,0,1413145698000.0,0,0,0,0,0,1,1,1208,0,122,0,88,9,8,0,70,London,0,0,1403440461000.0,1,16777215,2791134,0,4,0,0,0.02631578947368421,6,0.75,4,0,1,0,0,0,0,0,0
1,521381662551474176,5.213869481336545e+17,ebola-essien,521397253970612224,0,19201903.0,228755364,37,0,2,0,0,0,0,0,2,0,1413145767000.0,0,0,0,0,0,0,0,36473,0,2184,23,160,12,13,0,417,Casablanca,1,0,1292860462000.0,0,16777215,16737945,0,0,0,0,0.08108108108108109,5,0.0,5,0,0,0,0,0,0,0,0
1,521381662551474176,5.213816625514742e+17,ebola-essien,521404199058567169,0,1262229906.0,269132547,75,0,1,0,0,0,0,0,1,0,1413147422000.0,0,0,0,0,0,0,0,20733,0,3241,14,128,15,9,0,2439,West Central Africa,1,1,1300596323000.0,1,12639981,12639981,2,2,0,0,0.05333333333333334,13,0.4666666666666666,7,1,1,0,0,0,0,0,0
1,521381662551474176,5.213816625514742e+17,ebola-essien,521409574658928643,0,1262229906.0,21096528,139,0,1,1,0,1,3,0,1,0,1413148704000.0,0,0,1,1,0,0,0,8091,1,5280,386,159,20,9,0,899,West Central Africa,1,0,1234884028000.0,1,0,15461355,1,11,0,0,0.0948905109489051,20,0.585,8,3,2,1,0,0,0,0,1
1,521381662551474176,5.213816625514742e+17,ebola-essien,521410492037091329,0,1262229906.0,227444145,147,0,1,1,0,0,0,0,1,0,1413148923000.0,0,0,0,0,0,0,0,29312,0,968,4,84,9,12,0,872,Casablanca,1,0,1292534991000.0,1,0,12639981,2,14,0,0,0.05555555555555555,18,0.2,6,4,1,1,0,0,0,0,1
1,521381662551474176,5.213816625514742e+17,ebola-essien,521425207039623168,0,1262229906.0,362466265,122,0,2,1,0,0,0,0,2,0,1413152431000.0,0,0,0,0,0,1,1,27278,0,540,4,31,5,13,0,1532,London,1,1,1314363795000.0,1,12639981,12639981,1,7,0,0,0.10655737704918032,13,0.375,8,1,0,0,1,0,0,0,1
1,521381662551474176,5.213816625514742e+17,ebola-essien,521509907766718464,0,1262229906.0,45608325,140,0,1,0,0,0,0,0,1,0,1413172625000.0,0,0,0,0,0,1,1,13700,0,3059,31,127,16,6,0,733,,1,0,1244479648000.0,1,16777215,15592681,2,3,0,0,0.03571428571428571,25,-1.0,6,8,3,2,0,0,1,0,0
1,521381662551474176,5.213816625514742e+17,ebola-essien,521660531468689408,0,1262229906.0,32347705,143,0,1,0,0,0,0,0,1,0,1413208537000.0,0,0,0,0,0,0,0,2506,0,1143,46,90,13,12,0,641,Eastern Time (US & Canada),1,0,1239957022000.0,1,15658734,1250582,2,8,1,0,0.04895104895104895,25,0.33814814814814814,6,5,4,2,0,0,1,0,0
1,521595221155774464,,ebola-essien,521595221155774464,1,,301413580,126,0,0,0,0,1,143,15,0,0,1413192966000.0,0,0,0,0,0,0,0,105460,0,606359,1986,115,16,15,0,286,Pretoria,1,0,1305808844000.0,1,16777215,140080,0,1,0,0,0.07936507936507936,19,0.0,10,4,1,0,0,0,0,0,0
1,521595221155774464,5.2159522115577446e+17,ebola-essien,521595606889144320,0,301413580.0,257916644,74,0,1,0,0,0,0,0,1,0,1413193058000.0,0,0,0,0,0,0,0,4080,0,199,1,123,12,11,0,520,,1,1,1298734120000.0,1,12639981,12639981,0,0,0,0,0.04054054054054054,12,0.1,3,2,0,1,0,0,1,0,0
1,521595221155774464,5.2159522115577446e+17,ebola-essien,521595784983511040,0,301413580.0,44987811,42,0,1,0,0,0,0,0,1,0,1413193100000.0,0,0,0,0,0,0,0,809,0,131,0,59,16,10,0,890,London,1,0,1244233854000.0,1,16777215,12639981,1,2,0,1,0.023809523809523808,7,0.0,2,1,0,1,0,0,1,0,0
1,521595221155774464,5.2159522115577446e+17,ebola-essien,521595827383713792,0,301413580.0,801162632,96,0,1,0,0,0,0,0,1,0,1413193110000.0,0,0,0,0,0,1,1,23989,0,730,1,52,20,11,0,649,,1,1,1346704248000.0,1,12639981,12639981,0,2,0,1,0.0625,14,0.0,3,5,0,1,0,0,1,0,0
1,521595221155774464,5.2159522115577446e+17,ebola-essien,521595922510532609,0,301413580.0,2490014614,40,0,1,0,0,0,0,0,1,0,1413193133000.0,0,0,0,0,0,0,0,607,0,156,0,0,9,8,0,430,,1,1,1397746322000.0,1,12639981,12639981,0,0,0,0,0.075,4,0.0,4,0,0,0,0,0,0,0,0
1,521595221155774464,5.2159522115577446e+17,ebola-essien,521596239495053313,0,301413580.0,43304363,54,0,1,0,0,0,0,0,1,0,1413193208000.0,0,0,0,0,0,0,0,2379,0,91,1,21,13,9,0,404,London,1,0,1243590661000.0,1,12764625,2195356,0,0,0,0,0.07407407407407407,8,0.0,4,1,1,0,0,0,0,0,0
1,521595221155774464,5.215958273837138e+17,ebola-essien,521596335573962752,0,801162632.0,1518875600,71,0,2,0,0,0,0,0,2,0,1413193231000.0,0,0,0,0,0,0,0,68,0,35,0,0,7,12,0,455,,1,1,1371286633000.0,1,12639981,12639981,0,0,0,1,0.0,9,0.35,4,1,2,0,0,0,0,0,0
1,521595221155774464,5.215958273837138e+17,ebola-essien,521596530974019584,0,801162632.0,454071517,79,0,2,0,0,0,0,1,2,0,1413193278000.0,0,0,0,0,1,0,1,61,0,59,0,0,15,14,0,616,,1,1,1325606378000.0,0,12639981,12639981,0,2,0,0,0.06329113924050633,10,-0.4000000000000001,6,1,1,0,0,0,0,0,0
1,521595221155774464,5.2159522115577446e+17,ebola-essien,521597271709077505,0,301413580.0,2819506023,135,0,2,0,0,1,0,0,2,0,1413193455000.0,0,0,0,0,0,0,0,208,0,20,0,0,16,15,0,53,,1,1,1412859729000.0,1,12639981,12639981,2,4,0,0,0.0962962962962963,18,0.0,6,4,1,3,0,1,1,0,0
1,521595221155774464,5.2159522115577446e+17,ebola-essien,521597399295619072,0,301413580.0,199872709,21,0,1,0,0,0,0,0,1,0,1413193485000.0,0,0,0,0,0,1,1,15471,0,284,0,30,13,8,0,284,Pretoria,1,0,1286492073000.0,0,15658734,1250582,0,1,0,0,0.2857142857142857,2,-0.625,2,0,0,0,0,0,0,0,0
1,521595221155774464,5.2159522115577446e+17,ebola-essien,521603828417044480,0,301413580.0,134039821,139,0,1,0,0,0,0,0,1,0,1413195018000.0,0,0,0,0,1,0,1,8984,0,481,1,21,11,10,0,226,Greenland,1,1,1271493505000.0,1,12639981,12639981,0,2,0,0,0.09352517985611511,21,0.0,12,4,1,0,0,0,0,0,0
1,521595221155774464,5.2159522115577446e+17,ebola-essien,521605410084888577,0,301413580.0,157964457,134,0,1,0,0,0,0,0,1,0,1413195395000.0,0,0,0,0,0,0,0,2592,0,90,0,25,19,11,0,111,,1,0,1277118670000.0,1,14671839,15461355,3,5,0,0,0.05223880597014925,25,1.0,9,3,1,0,0,0,1,0,0
1,521595221155774464,5.2159522115577446e+17,ebola-essien,521615893517070336,0,301413580.0,469982790,96,0,2,0,0,1,1,0,2,0,1413197894000.0,0,0,0,0,0,0,0,2243,0,68,0,40,7,8,0,131,,1,1,1327126276000.0,1,12639981,12639981,0,2,1,0,0.08333333333333333,14,-0.5,6,1,1,0,0,0,0,0,0
1,521595221155774464,5.2159522115577446e+17,ebola-essien,521648143478566912,0,301413580.0,537025780,67,0,1,0,0,1,0,0,1,0,1413205583000.0,0,0,0,0,0,0,0,49,0,72,0,29,11,9,0,32,,1,1,1332748722000.0,1,12639981,12639981,1,3,0,0,0.1044776119402985,9,0.0,8,1,0,0,0,0,0,0,0
1,521595221155774464,5.2159522115577446e+17,ebola-essien,521673067693871104,0,301413580.0,617309226,130,0,1,0,0,0,0,1,1,0,1413211526000.0,0,0,0,0,1,1,1,1313,0,915,3,52,4,8,0,1260,Hawaii,1,0,1340552715000.0,0,15658734,11329238,0,4,0,1,0.03076923076923077,19,0.0,5,7,0,2,0,2,0,0,0
1,521595221155774464,5.216481434785669e+17,ebola-essien,521714578523455488,0,537025780.0,452993138,90,0,2,0,0,1,0,0,2,0,1413221423000.0,0,0,0,0,0,0,0,713,0,67,0,57,14,7,0,202,,1,1,1325510629000.0,1,12639981,12639981,1,6,0,0,0.11363636363636363,11,0.0,10,1,0,0,0,0,0,0,0
1,522286703848218624,,ebola-essien,522286703848218624,1,,24044553,119,0,0,0,0,0,126,17,0,0,1413357828000.0,0,0,0,0,0,0,0,83232,0,232347,2165,85,13,9,0,144,Rome,0,0,1236893953000.0,1,16773929,0,1,1,1,0,0.025210084033613446,20,-0.5,6,4,2,0,0,0,1,0,0
1,522286703848218624,5.222867038482186e+17,ebola-essien,522288012705935360,0,24044553.0,126924499,32,0,2,0,0,0,0,0,2,0,1413358140000.0,0,0,0,0,0,1,1,7671,0,708,1,155,20,9,0,584,,1,0,1269694427000.0,1,6664410,6565259,0,3,0,0,0.03125,4,0.0,2,1,1,0,0,0,0,0,0
1,522286703848218624,5.222867038482186e+17,ebola-essien,522288706422448128,0,24044553.0,2676429780,19,0,1,0,0,0,0,0,1,0,1413358305000.0,0,0,0,0,0,0,0,1657,0,153,1,0,8,8,0,168,,1,1,1406197112000.0,0,12639981,12639981,0,0,0,0,0.05263157894736842,3,0.0,1,1,0,1,0,0,1,0,0
1,522286703848218624,5.222867038482186e+17,ebola-essien,522291744176898048,0,24044553.0,1598026315,133,0,1,0,0,0,1,1,1,0,1413359030000.0,0,0,0,0,0,0,0,13010,0,3531,6,156,10,10,0,2018,Arizona,1,1,1373967805000.0,1,12639981,12639981,1,2,1,0,0.030534351145038167,21,-0.5,7,4,2,0,0,0,1,0,0
1,522286703848218624,5.222867038482186e+17,ebola-essien,522295631801753600,0,24044553.0,2451620079,85,0,1,0,0,0,0,0,1,0,1413359957000.0,0,0,0,0,1,0,1,607,0,11,0,73,16,12,0,25,,1,1,1396332431000.0,0,12639981,12639981,1,3,0,0,0.023529411764705882,14,-0.3333333333333333,5,3,1,0,0,0,0,0,0
1,522286703848218624,5.222867038482186e+17,ebola-essien,522296320867196929,0,24044553.0,205661285,22,0,1,0,0,0,0,0,1,0,1413360121000.0,0,0,0,0,0,0,0,1618,0,83,1,28,12,9,0,154,,1,1,1287657401000.0,1,12639981,12639981,0,0,0,0,0.09090909090909091,3,0.0,1,0,0,1,0,0,1,0,0
1,522286703848218624,5.222867038482186e+17,ebola-essien,522297427492339712,0,24044553.0,35793755,139,0,1,0,0,0,0,0,1,0,1413360385000.0,0,0,0,0,0,0,0,38570,0,532,7,10,6,6,0,477,Mexico City,1,0,1240851657000.0,1,16777215,12639981,1,2,1,0,0.0364963503649635,22,-0.5,8,4,2,0,0,0,1,0,0
