truth,title,is_rumor,thread,in_reply_tweet,event,tweet_id,is_source_tweet,in_reply_user,user_id,tweet_length,symbol_count,user_mentions,urls_count,media_count,hashtags_count,retweet_count,favorite_count,mentions_count,is_truncated,created,has_smile_emoji,sensitive,has_place,has_coords,has_quest,has_exclaim,has_quest_or_exclaim,user.tweets_count,user.verified,user.followers_count,user.listed_count,user.desc_length,user.handle_length,user.name_length,user.notifications,user.friends_count,user.time_zone,user.has_bg_img,user.default_pic,user.created_at,user.location,user.profile_sbcolor,user.profile_bgcolor,hasperiod,number_punct,negativewordcount,positivewordcount,capitalratio,contentlength,sentimentscore,Noun,Verb,Adjective,Pronoun,FirstPersonPronoun,SecondPersonPronoun,ThirdPersonPronoun,Adverb,has_url_in_text
,,0,535386605666979840,,gurlitt,535386605666979840,1,,43092938,130,0,1,1,0,3,2,0,1,0,1416481088000.0,0,0,0,0,1,0,1,8052,0,7568,301,59,12,12,0,126,Bern,0,0,1243510904000.0,1,16777215,16777215,1,12,0,0,0.08461538461538462,15,0.4833333333333334,7,3,1,0,0,0,0,0,1
,,0,535391478969675776,,gurlitt,535391478969675776,1,,38402632,112,0,1,1,0,0,1,0,1,0,1416482250000.0,0,0,0,0,0,0,0,3398,0,245,19,61,13,10,0,804,,1,1,1241689305000.0,1,12639981,12639981,2,14,0,0,0.0625,13,0.2,9,1,0,0,0,0,0,0,1
,,0,535415010361487360,,gurlitt,535415010361487360,1,,719898644,129,0,0,1,0,0,1,0,0,0,1416487860000.0,0,0,0,0,0,0,0,1129,0,1097,36,74,10,10,0,89,London,1,1,1343384642000.0,1,12639981,12639981,1,9,0,0,0.046511627906976744,19,-0.25,6,3,5,0,0,0,1,0,1
,,0,535415869862473729,,gurlitt,535415869862473729,1,,1140049158,112,0,1,1,0,0,1,1,1,0,1416488065000.0,0,0,0,0,0,0,0,2970,0,633,13,156,12,11,0,342,London,1,1,1359734254000.0,1,12639981,12639981,2,13,0,0,0.0625,13,0.2,9,1,0,0,0,0,0,0,1
,,0,535425236871544832,,gurlitt,535425236871544832,1,,289989248,112,0,1,1,0,0,1,0,1,0,1416490298000.0,0,0,0,0,0,0,0,1352,0,340,16,84,20,11,0,492,Eastern Time (US & Canada),1,0,1304090601000.0,1,12639981,12639981,2,11,0,0,0.09821428571428571,13,0.2,9,1,0,0,0,0,0,0,1
,,0,535439290667241472,,gurlitt,535439290667241472,1,,220673613,133,0,2,1,0,1,1,0,2,0,1416493649000.0,0,0,0,0,0,0,0,5552,1,2459,176,160,12,7,0,1224,Berlin,1,1,1290953620000.0,1,12639981,12639981,1,9,0,0,0.0916030534351145,17,0.0,9,3,1,0,0,0,0,0,1
,,0,535440024930902017,,gurlitt,535440024930902017,1,,244219372,136,0,3,1,0,1,2,0,3,0,1416493824000.0,0,0,0,0,0,0,0,531,0,119,3,64,13,11,0,124,,1,1,1296246196000.0,1,12639981,12639981,1,10,0,0,0.16176470588235295,13,0.0,8,2,1,0,1,0,0,0,1
,,0,535449972913614848,,gurlitt,535449972913614848,1,,21397917,71,0,0,1,0,0,1,0,0,0,1416496196000.0,0,0,0,0,0,0,0,20836,0,12997,746,123,17,15,0,1571,Berlin,1,0,1235138412000.0,1,16777215,14412269,1,10,0,0,0.09859154929577464,9,0.0,6,1,0,0,0,0,0,0,1
,,0,535450182142672897,,gurlitt,535450182142672897,1,,21397917,140,0,0,1,1,4,3,1,0,0,1416496246000.0,0,0,0,0,0,0,0,20836,0,12997,746,123,17,15,0,1571,Berlin,1,0,1235138412000.0,1,16777215,14412269,2,19,0,0,0.07142857142857142,15,0.25,10,2,1,0,0,0,0,0,1
,,0,535450182142672897,5.354501821426729e+17,gurlitt,535451147931512833,0,21397917.0,383743288,126,0,2,1,0,0,1,0,2,0,1416496476000.0,0,0,0,0,0,0,0,1463,0,190,0,89,12,13,0,394,Greenland,1,0,1317559488000.0,1,12639981,12639981,3,10,0,1,0.06349206349206349,17,0.20499999999999996,5,2,3,0,1,0,0,0,1
,,0,535450182142672897,5.354501821426729e+17,gurlitt,535451150859132928,0,21397917.0,20003443,104,0,1,0,0,0,0,0,1,0,1416496477000.0,0,0,0,0,0,0,0,31123,0,277,7,150,10,10,0,89,Amsterdam,1,1,1233694722000.0,1,12639981,12639981,2,5,0,1,0.04807692307692308,14,0.8,6,3,1,0,0,0,0,0,0
,,0,535450182142672897,5.354511508591329e+17,gurlitt,535451364818964481,0,20003443.0,195699945,95,0,1,0,0,0,0,0,1,0,1416496528000.0,0,0,0,0,1,0,1,4161,0,567,45,20,12,11,0,975,Casablanca,1,1,1285585859000.0,1,12639981,12639981,3,4,0,0,0.0,16,0.0,6,3,2,1,0,0,1,0,0
,,0,535450182142672897,5.354513648189645e+17,gurlitt,535452154262474752,0,195699945.0,20003443,132,0,1,0,0,0,0,0,1,0,1416496716000.0,0,0,0,0,0,0,0,31123,0,277,7,150,10,10,0,89,Amsterdam,1,1,1233694722000.0,1,12639981,12639981,1,3,0,1,0.022727272727272728,25,0.06999999999999999,7,2,2,2,0,0,1,0,0
,,0,535450705134649345,,gurlitt,535450705134649345,1,,38681183,140,0,0,1,1,0,7,6,0,0,1416496370000.0,0,0,0,0,0,0,0,6544,1,87427,2806,111,17,15,0,339,London,1,0,1241795019000.0,1,16777215,1250582,2,17,0,0,0.07142857142857142,17,-0.25,8,2,4,0,0,0,0,0,1
,,0,535450705134649345,5.3545070513464934e+17,gurlitt,535451540589641728,0,38681183.0,383743288,55,0,1,1,0,0,0,0,1,0,1416496570000.0,0,0,0,0,0,0,0,1463,0,190,0,89,12,13,0,394,Greenland,1,0,1317559488000.0,1,12639981,12639981,1,8,0,0,0.12727272727272726,5,0.0,3,1,0,0,1,0,0,0,1
,,0,535463053190778880,,gurlitt,535463053190778880,1,,23585763,144,0,1,1,1,1,4,4,1,0,1416499314000.0,0,0,0,0,0,0,0,21895,1,382750,6247,124,14,13,0,734,Eastern Time (US & Canada),1,0,1236688265000.0,1,16777215,12639981,2,17,0,0,0.22916666666666666,14,0.25,11,0,1,0,0,0,0,0,1
,,0,535472483756154880,,gurlitt,535472483756154880,1,,243583176,61,0,0,0,0,0,5,0,0,0,1416501563000.0,0,0,0,0,0,0,0,368,0,714,32,150,17,12,0,327,Berlin,1,0,1296126154000.0,1,13882063,15592681,0,0,0,0,0.06557377049180328,10,0.0,5,1,0,0,0,0,0,0,0
,,0,535482306585042944,,gurlitt,535482306585042944,1,,130823696,136,0,0,1,0,0,1,1,0,0,1416503905000.0,0,0,0,0,0,0,0,213928,0,16556,547,153,20,14,0,13478,Central Time (US & Canada),1,0,1270730188000.0,1,12639981,12639981,4,15,0,0,0.1259259259259259,20,0.0,11,3,2,0,0,0,0,0,1
,,0,535517405921804288,,gurlitt,535517405921804288,1,,289989248,128,0,0,1,0,0,4,2,0,0,1416512273000.0,0,0,0,0,0,0,0,1352,0,340,16,84,20,11,0,492,Eastern Time (US & Canada),1,0,1304090601000.0,1,12639981,12639981,1,16,0,0,0.09375,17,0.0,12,0,0,0,0,0,0,0,1
,,0,535524640031256576,,gurlitt,535524640031256576,1,,367709007,75,0,0,1,0,0,1,0,0,0,1416513998000.0,0,0,0,0,0,0,0,19221,0,19711,755,109,8,8,0,368,Jerusalem,1,1,1315140006000.0,1,12639981,12639981,1,8,0,0,0.10666666666666667,10,0.0,6,1,1,0,0,0,0,0,1
,,0,535552999624826882,,gurlitt,535552999624826882,1,,22138756,114,0,0,1,0,0,1,1,0,0,1416520759000.0,0,0,0,0,0,0,0,3699,0,543,21,65,13,13,0,934,London,1,0,1235741176000.0,1,1579550,1710879,1,6,0,0,0.125,14,0.0,6,3,1,0,0,0,0,0,1
,,0,535556368552714240,,gurlitt,535556368552714240,1,,2811887156,134,0,0,1,0,0,1,0,0,0,1416521563000.0,0,0,0,0,0,1,1,124,0,64,1,158,5,9,0,74,Central Time (US & Canada),1,0,1410812465000.0,1,16777215,140080,2,11,0,0,0.07462686567164178,20,0.5208333333333334,10,4,0,0,0,0,1,0,1
,,0,535656301833895937,,gurlitt,535656301833895937,1,,33660282,132,0,0,1,0,0,2,2,0,0,1416545389000.0,0,0,0,0,0,0,0,405,0,328,9,97,14,14,0,30,Pacific Time (US & Canada),1,0,1240261054000.0,1,14266750,9131051,1,7,0,2,0.05303030303030303,20,0.7,9,2,1,0,0,0,0,0,1
,,0,535708968837206016,,gurlitt,535708968837206016,1,,22467092,138,0,0,1,0,0,4,0,0,0,1416557945000.0,0,0,0,0,0,0,0,3973,0,876,44,154,8,8,0,1515,Rome,1,0,1235983781000.0,1,0,7355967,2,9,0,0,0.07246376811594203,18,0.0,10,3,0,0,0,0,0,0,1
,,0,535711053686898689,,gurlitt,535711053686898689,1,,609302101,138,0,0,1,0,3,1,0,0,0,1416558442000.0,0,0,0,0,0,0,0,9355,0,1238,16,94,15,11,0,2001,London,1,1,1339782521000.0,1,12639981,12639981,1,12,0,0,0.0661764705882353,17,0.0,8,4,1,0,0,0,0,0,1
,,0,535772174053687297,,gurlitt,535772174053687297,1,,156570813,137,0,1,1,0,0,1,0,1,0,1416573015000.0,0,0,0,0,0,0,0,6181,0,3262,63,144,4,11,0,664,London,1,0,1276763430000.0,1,16777215,882876,1,11,0,0,0.051094890510948905,18,0.0,9,4,0,0,0,0,0,0,1
,,0,535792764135280640,,gurlitt,535792764135280640,1,,199793997,70,0,0,1,0,0,3,2,0,0,1416577924000.0,0,0,0,0,0,0,0,6636,0,669,29,88,13,12,0,518,Central Time (US & Canada),1,0,1286477956000.0,1,1579550,1710879,1,8,0,0,0.057971014492753624,7,0.0,3,1,1,0,0,0,0,0,1
,,0,535804563832315904,,gurlitt,535804563832315904,1,,279628950,139,0,0,1,0,0,2,0,0,0,1416580737000.0,0,0,0,0,0,0,0,2760,0,746,28,56,13,12,0,434,Eastern Time (US & Canada),0,0,1302369865000.0,1,0,0,4,11,0,0,0.06474820143884892,19,0.0,7,2,2,0,0,0,0,0,1
,,0,535818207542923265,,gurlitt,535818207542923265,1,,279628950,136,0,0,1,0,0,2,0,0,0,1416583990000.0,0,0,0,0,0,0,0,2760,0,746,28,56,13,12,0,434,Eastern Time (US & Canada),0,0,1302369865000.0,1,0,0,4,10,0,0,0.09558823529411764,20,0.25,11,0,0,0,0,0,0,0,1
,,0,535822193150537728,,gurlitt,535822193150537728,1,,289989248,137,0,0,1,0,0,1,0,0,0,1416584940000.0,0,0,0,0,0,0,0,1352,0,340,16,84,20,11,0,492,Eastern Time (US & Canada),1,0,1304090601000.0,1,12639981,12639981,1,9,0,0,0.072992700729927,18,0.0,8,3,0,0,0,0,0,0,1
,,0,535828163402543104,,gurlitt,535828163402543104,1,,1070801347,114,0,0,1,0,0,1,1,0,0,1416586364000.0,0,0,0,0,0,0,0,9249,0,858,38,147,17,8,0,1754,,1,1,1357648194000.0,1,12639981,12639981,1,10,0,0,0.08928571428571429,14,0.0,6,3,1,0,0,0,0,0,1
,,0,535828163402543104,5.358281634025431e+17,gurlitt,535864606544367616,0,1070801347.0,2640650944,128,0,1,0,0,0,0,0,1,0,1416595052000.0,0,0,0,0,1,0,1,5188,0,71,1,115,8,12,0,142,,1,1,1403700490000.0,0,12639981,12639981,1,3,0,0,0.0546875,23,0.0,8,4,1,2,0,0,1,0,0
,,0,535828163402543104,5.358646065443676e+17,gurlitt,535868277491130368,0,2640650944.0,1070801347,123,0,1,0,0,0,0,0,1,0,1416595927000.0,0,0,0,0,0,0,0,9251,0,858,38,147,17,8,0,1754,,1,1,1357648194000.0,1,12639981,12639981,1,8,0,0,0.008130081300813009,18,-0.5,2,8,1,1,0,0,2,0,0
,,0,535828163402543104,5.358682774911304e+17,gurlitt,535870495422689281,0,1070801347.0,2640650944,81,0,1,0,0,0,0,1,1,0,1416596456000.0,0,0,0,0,0,0,0,5188,0,71,1,115,8,12,0,142,,1,1,1403700490000.0,0,12639981,12639981,3,5,0,0,0.037037037037037035,15,0.3416666666666667,5,3,2,1,0,0,1,0,0
,,0,535828163402543104,5.358704954226893e+17,gurlitt,535871220672000000,0,2640650944.0,1070801347,127,0,1,1,0,0,0,0,1,0,1416596629000.0,0,0,0,0,0,0,0,9251,0,858,38,147,17,8,0,1754,,1,1,1357648194000.0,1,12639981,12639981,3,16,0,2,0.07086614173228346,18,-0.02250000000000002,4,4,2,3,0,1,1,0,1
,,0,535828163402543104,5.35871220672e+17,gurlitt,535871976611782658,0,1070801347.0,2640650944,45,0,1,0,0,0,0,1,1,0,1416596809000.0,0,0,0,0,0,0,0,5188,0,71,1,115,8,12,0,142,,1,1,1403700490000.0,0,12639981,12639981,2,2,0,0,0.044444444444444446,8,0.6,2,1,1,1,0,1,0,0,0
,,0,535828163402543104,5.3587197661178266e+17,gurlitt,535872119272247296,0,2640650944.0,1070801347,26,0,1,0,0,0,0,0,1,0,1416596843000.0,0,0,0,0,0,1,1,9251,0,858,38,147,17,8,0,1754,,1,1,1357648194000.0,1,12639981,12639981,0,5,0,0,0.038461538461538464,4,0.0,0,0,0,1,0,1,0,0,0
,,0,535828163402543104,5.358721192722473e+17,gurlitt,535872246158741505,0,1070801347.0,2640650944,16,0,1,0,0,0,0,0,1,0,1416596874000.0,0,0,0,0,0,0,0,5188,0,71,1,115,8,12,0,142,,1,1,1403700490000.0,0,12639981,12639981,1,1,0,0,0.0625,2,0.0,2,0,0,0,0,0,0,0,0
,,0,535919972439322624,,gurlitt,535919972439322624,1,,1440641,61,0,0,1,0,0,3,3,0,0,1416608252000.0,0,0,0,0,0,0,0,70234,0,1257250,16332,52,19,11,0,77,Eastern Time (US & Canada),1,0,1174249833000.0,1,3289650,16777215,1,6,0,0,0.11666666666666667,6,0.0,4,2,0,0,0,0,0,0,1
,,0,535926525422358528,,gurlitt,535926525422358528,1,,277799972,71,0,0,1,0,0,1,0,0,0,1416609815000.0,0,0,0,0,0,0,0,51104,0,388,11,143,9,8,0,577,Pacific Time (US & Canada),1,0,1302055463000.0,0,8559966,3483430,1,8,0,0,0.14285714285714285,7,0.0,5,2,0,0,0,0,0,0,1
,,0,535936169196810240,,gurlitt,535936169196810240,1,,300850672,72,0,0,1,0,1,1,0,0,0,1416612114000.0,0,0,0,0,0,0,0,839,0,410,4,58,14,15,0,1992,Atlantic Time (Canada),1,0,1305725195000.0,1,15658734,1250582,1,10,0,0,0.1527777777777778,7,0.0,6,1,0,0,0,0,0,0,1
,,0,535942066694803456,,gurlitt,535942066694803456,1,,1440641,105,0,0,1,0,0,5,5,0,0,1416613520000.0,0,0,0,0,0,0,0,70234,0,1257250,16332,52,19,11,0,77,Eastern Time (US & Canada),1,0,1174249833000.0,1,3289650,16777215,1,7,0,0,0.14285714285714285,13,0.0,9,1,0,0,0,0,0,0,1
,,0,535942066694803456,5.3594206669480346e+17,gurlitt,535942232424349696,0,1440641.0,2156103098,129,0,1,1,0,0,0,0,1,0,1416613560000.0,0,0,0,0,0,0,0,2674,0,245,6,151,10,14,0,1998,,1,0,1382760511000.0,1,16777215,12639981,2,22,0,0,0.046511627906976744,13,0.5,6,1,1,0,0,0,0,0,1
,,0,535951209316642816,,gurlitt,535951209316642816,1,,497554467,136,0,0,1,0,1,1,1,0,0,1416615700000.0,0,0,0,0,0,0,0,120486,0,32046,838,130,8,7,0,10486,Eastern Time (US & Canada),1,0,1329709742000.0,1,16777215,1250582,4,13,0,0,0.1323529411764706,18,0.0,12,1,1,0,0,0,0,0,1
,,0,535952893589725184,,gurlitt,535952893589725184,1,,14195044,136,0,0,1,0,0,1,0,0,0,1416616102000.0,0,0,0,0,0,0,0,119677,0,4072,239,79,12,12,0,610,Wellington,1,0,1206152679000.0,0,16777215,10151144,4,12,0,0,0.13970588235294118,17,0.0,12,1,1,0,0,0,0,0,1
,,0,535960367055118337,,gurlitt,535960367055118337,1,,1344735924,138,0,0,1,0,0,1,0,0,0,1416617883000.0,0,0,0,0,0,0,0,37643,0,906,10,67,15,10,0,914,Atlantic Time (Canada),1,0,1365697569000.0,1,16777215,12639981,1,11,0,0,0.16666666666666666,18,0.0,13,2,0,0,0,0,0,0,1
,,0,535966185477931010,,gurlitt,535966185477931010,1,,2357837198,114,0,0,1,0,1,1,0,0,0,1416619271000.0,0,0,0,0,0,0,0,5396,0,1556,27,46,14,13,0,1985,,1,1,1393153240000.0,0,12639981,12639981,1,9,0,0,0.12280701754385964,14,0.0,9,2,0,0,0,0,0,0,1
,,0,535967306799538176,,gurlitt,535967306799538176,1,,613935848,131,0,1,1,0,2,1,0,1,0,1416619538000.0,0,0,0,0,0,0,0,2211,0,794,9,62,13,15,0,793,Central Time (US & Canada),1,1,1340244405000.0,1,12639981,12639981,3,12,0,0,0.09923664122137404,16,0.0,7,5,0,0,0,0,0,0,1
,,0,535986492879810560,,gurlitt,535986492879810560,1,,1700643943,136,0,0,1,0,1,1,0,0,0,1416624112000.0,0,0,0,0,0,0,0,624,0,525,12,46,18,12,0,1200,Arizona,1,0,1377480507000.0,1,15658734,1250582,4,13,0,0,0.07352941176470588,18,0.0,10,2,1,0,0,0,0,0,1
,,0,536050365406253056,,gurlitt,536050365406253056,1,,223865637,105,0,0,1,0,0,1,0,0,0,1416639341000.0,0,0,0,0,0,0,0,1550,0,21003,317,100,18,15,0,19043,Amsterdam,1,0,1291734072000.0,1,16777215,15526896,1,9,0,0,0.08571428571428572,13,0.0,7,2,0,0,0,0,0,0,1
,,0,536127932918681602,,gurlitt,536127932918681602,1,,19686204,129,0,0,1,0,0,2,1,0,0,1416657834000.0,0,0,0,0,0,0,0,10743,0,82283,1749,77,12,11,0,389,Eastern Time (US & Canada),1,0,1233188353000.0,1,16777215,15591912,1,5,0,0,0.14728682170542637,17,0.0,12,0,0,0,0,0,0,0,1
,,0,536141476460507136,,gurlitt,536141476460507136,1,,20391779,72,0,0,1,0,0,1,0,0,0,1416661063000.0,0,0,0,0,0,0,0,32414,0,3982,117,156,15,10,0,2574,London,0,0,1234126347000.0,1,526344,1250582,1,7,0,0,0.08333333333333333,8,0.0,4,1,1,0,0,0,0,0,1
,,0,536223820131360769,,gurlitt,536223820131360769,1,,22467092,140,0,0,1,0,0,2,0,0,0,1416680695000.0,0,0,0,0,0,0,0,3973,0,876,44,154,8,8,0,1515,Rome,1,0,1235983781000.0,1,0,7355967,2,11,0,0,0.07142857142857142,20,-0.3,9,2,1,0,0,0,0,0,1
,,0,536228944299958272,,gurlitt,536228944299958272,1,,1324611912,140,0,1,2,1,2,1,2,1,0,1416681917000.0,0,0,0,0,0,0,0,80,0,1319,17,28,13,11,0,716,Eastern Time (US & Canada),1,0,1364996682000.0,0,16777215,9054993,6,25,0,0,0.19285714285714287,12,0.0,11,0,0,0,0,0,0,0,1
,,0,536323971239903234,,gurlitt,536323971239903234,1,,2664368774,135,0,0,1,1,1,3,2,0,0,1416704573000.0,0,0,0,0,0,0,0,1956,0,472,11,160,14,13,0,540,Pretoria,0,0,1405901558000.0,1,0,0,2,15,0,1,0.1259259259259259,16,0.21666666666666673,8,1,1,0,0,0,0,0,1
,,0,536333336353193985,,gurlitt,536333336353193985,1,,239532275,124,0,0,1,0,0,1,0,0,0,1416706806000.0,0,0,0,0,0,0,0,117002,0,18361,467,159,9,9,0,17935,,1,0,1295298205000.0,0,16777215,16777215,1,9,0,0,0.11290322580645161,16,0.0,10,2,0,0,0,0,0,0,1
,,0,536425735771414528,,gurlitt,536425735771414528,1,,22467092,138,0,0,1,0,0,2,0,0,0,1416728836000.0,0,0,0,0,1,0,1,3973,0,876,44,154,8,8,0,1515,Rome,1,0,1235983781000.0,1,0,7355967,2,11,0,0,0.043478260869565216,18,0.5,7,2,2,0,0,0,0,0,1
,,0,536439239118831617,,gurlitt,536439239118831617,1,,94647128,134,0,0,1,0,0,1,0,0,0,1416732055000.0,0,0,0,0,0,0,0,148931,0,2859,139,159,20,9,0,1026,Kuwait,1,0,1259961987000.0,1,15658734,1250582,2,10,0,0,0.05970149253731343,17,0.0,8,5,0,0,0,0,0,0,1
,,0,536464887015567360,,gurlitt,536464887015567360,1,,83247246,133,0,1,1,1,2,3,0,1,0,1416738170000.0,0,0,0,0,0,0,0,6214,0,7381,223,124,7,7,0,1097,London,1,0,1255822560000.0,1,0,1250582,2,13,0,0,0.12781954887218044,13,0.1,10,1,0,0,0,0,0,0,1
,,0,536489596423774208,,gurlitt,536489596423774208,1,,871766546,138,0,0,1,0,0,1,0,0,0,1416744061000.0,0,0,0,0,0,0,0,15048,0,3347,148,160,11,12,0,431,Edinburgh,1,0,1349874913000.0,1,16777215,0,1,8,0,0,0.06521739130434782,21,0.0,10,2,3,0,0,0,0,0,1
,,0,536489596423774208,5.364895964237742e+17,gurlitt,536490383828451328,0,871766546.0,2258290856,134,0,1,0,0,0,0,0,1,0,1416744249000.0,0,0,0,0,0,0,0,11774,0,673,7,136,19,15,0,1989,,1,1,1387760163000.0,1,12639981,12639981,2,2,0,0,0.06716417910447761,22,0.25,9,4,3,1,0,0,1,0,0
,,0,536504937401049089,,gurlitt,536504937401049089,1,,279628950,138,0,0,1,0,0,1,0,0,0,1416747719000.0,0,0,0,0,0,0,0,2760,0,746,28,56,13,12,0,434,Eastern Time (US & Canada),0,0,1302369865000.0,1,0,0,4,12,0,0,0.050724637681159424,20,0.0625,8,1,2,0,0,0,0,0,1
,,0,536514538850750464,,gurlitt,536514538850750464,1,,239532275,124,0,0,1,0,0,4,1,0,0,1416750008000.0,0,0,0,0,0,0,0,117002,0,18361,467,159,9,9,0,17935,,1,0,1295298205000.0,0,16777215,16777215,1,10,0,0,0.0967741935483871,16,0.0,10,2,0,0,0,0,0,0,1
,,0,536532934014926849,,gurlitt,536532934014926849,1,,537482789,114,0,1,1,0,2,1,1,1,0,1416754394000.0,0,0,0,0,0,0,0,3275,0,1143,26,139,19,13,0,1116,Atlantic Time (Canada),1,0,1332789510000.0,0,12639981,12639981,1,12,0,0,0.07017543859649122,14,0.0,8,2,0,0,0,0,0,0,1
,,0,536666052277448704,,gurlitt,536666052277448704,1,,77058003,136,0,0,1,0,0,1,0,0,0,1416786132000.0,0,0,0,0,0,0,0,2642,0,1048,61,55,4,13,0,245,Eastern Time (US & Canada),1,0,1253830598000.0,1,0,13421772,4,15,0,0,0.11764705882352941,18,0.0,12,0,0,0,0,0,0,0,1
,,0,536696108823896065,,gurlitt,536696108823896065,1,,2901842726,140,0,0,1,0,0,1,0,0,0,1416793298000.0,0,0,0,0,0,0,0,12,0,63,2,135,14,11,0,239,,1,1,1416154735000.0,1,12639981,12639981,2,9,0,0,0.07142857142857142,21,-0.1,10,2,1,0,0,0,0,0,1
,,0,536733651544072192,,gurlitt,536733651544072192,1,,279628950,126,0,0,1,0,0,2,0,0,0,1416802249000.0,0,0,0,0,1,0,1,2760,0,746,28,56,13,12,0,434,Eastern Time (US & Canada),0,0,1302369865000.0,1,0,0,7,19,0,0,0.05555555555555555,14,0.0,8,1,2,0,0,0,0,0,1
,,0,536760961692999680,,gurlitt,536760961692999680,1,,19706871,136,0,0,1,0,0,1,0,0,0,1416808760000.0,0,0,0,0,0,0,0,31010,0,17956,701,105,12,10,0,5,Berlin,0,0,1233228888000.0,1,16777215,15131616,4,14,0,0,0.058823529411764705,17,0.0,11,2,0,0,0,0,1,0,1
,,0,536777819204775936,,gurlitt,536777819204775936,1,,1140049158,140,0,1,1,0,0,1,0,1,0,1416812779000.0,0,0,0,0,0,0,0,2970,0,633,13,156,12,11,0,342,London,1,1,1359734254000.0,1,12639981,12639981,2,13,0,0,0.05,17,0.0,11,3,0,0,0,0,1,0,1
,,0,536778036180680704,,gurlitt,536778036180680704,1,,353614651,71,0,1,1,0,1,1,0,1,0,1416812831000.0,0,0,0,0,0,0,0,10372,0,2595,121,158,14,13,0,854,Greenland,1,1,1313146425000.0,1,12639981,12639981,3,9,0,0,0.14084507042253522,7,0.0,4,2,0,0,0,0,0,0,1
,,0,536782128109740032,,gurlitt,536782128109740032,1,,220673613,100,0,1,1,0,1,2,1,1,0,1416813806000.0,0,0,0,0,0,0,0,5552,1,2459,176,160,12,7,0,1224,Berlin,1,1,1290953620000.0,1,12639981,12639981,1,8,0,0,0.12,14,0.0,8,2,1,1,0,0,1,0,1
,,0,536783143865688064,,gurlitt,536783143865688064,1,,31697703,126,0,0,1,1,1,9,2,0,0,1416814049000.0,0,0,0,0,0,0,0,7135,1,7302,308,103,12,10,0,825,Berlin,0,0,1239871864000.0,1,16777215,16119026,2,18,0,0,0.047619047619047616,13,0.0,9,2,0,0,0,0,1,0,1
,,0,536783143865688064,5.3678314386568806e+17,gurlitt,536828145245364224,0,31697703.0,545717335,138,0,1,1,1,0,2,0,1,0,1416824778000.0,0,0,0,0,0,0,0,184,0,41,2,113,13,12,0,91,,0,0,1333604162000.0,1,0,0,2,13,0,0,0.09558823529411764,16,0.0,6,3,2,0,0,0,0,0,1
,,0,536787694169632768,,gurlitt,536787694169632768,1,,1140049158,98,0,1,0,1,1,2,1,1,0,1416815133000.0,0,0,0,0,0,0,0,2970,0,633,13,156,12,11,0,342,London,1,1,1359734254000.0,1,12639981,12639981,1,11,0,0,0.10204081632653061,12,0.0,6,2,0,0,0,0,0,0,1
,,0,536805431360749568,,gurlitt,536805431360749568,1,,2809554398,136,0,0,1,0,0,1,0,0,0,1416819362000.0,0,0,0,0,0,0,0,5887,0,188,2,128,16,14,0,594,,1,0,1410704526000.0,1,16777215,12639981,4,12,0,0,0.08088235294117647,18,0.0,12,1,1,0,0,0,0,0,1
,,0,536805993334571008,,gurlitt,536805993334571008,1,,83866930,65,0,0,1,0,0,1,0,0,0,1416819496000.0,0,0,0,0,0,0,0,13244,0,14130,205,70,12,10,0,957,Eastern Time (US & Canada),0,0,1256053201000.0,1,16777215,16777215,1,7,0,0,0.15384615384615385,8,0.0,6,0,1,0,0,0,0,0,1
,,0,536809338766364672,,gurlitt,536809338766364672,1,,31697703,115,0,0,1,1,2,2,1,0,0,1416820294000.0,0,0,0,0,0,0,0,7135,1,7302,308,103,12,10,0,825,Berlin,0,0,1239871864000.0,1,16777215,16119026,2,17,0,0,0.09565217391304348,12,0.0,6,2,1,1,0,0,1,0,1
,,0,536810390739755009,,gurlitt,536810390739755009,1,,23741868,108,0,0,0,1,1,1,0,0,0,1416820545000.0,0,0,0,0,0,0,0,896,0,1367,105,106,12,8,0,362,Berlin,1,0,1236764578000.0,1,13034222,13034222,2,12,0,0,0.08333333333333333,14,0.0,9,1,0,0,0,0,0,0,1
,,0,536812027571109888,,gurlitt,536812027571109888,1,,14687256,65,0,0,1,0,0,1,1,0,0,1416820935000.0,0,0,0,0,0,0,0,48011,1,21127,564,26,5,5,0,2578,Central Time (US & Canada),1,0,1210171812000.0,1,16777215,1250582,1,7,0,0,0.1076923076923077,8,0.0,5,1,1,0,0,0,0,0,1
,,0,536822580720984064,,gurlitt,536822580720984064,1,,22467092,99,0,0,1,0,0,2,0,0,0,1416823451000.0,0,0,0,0,0,0,0,3973,0,876,44,154,8,8,0,1515,Rome,1,0,1235983781000.0,1,0,7355967,2,8,0,0,0.12121212121212122,12,0.13636363636363635,9,0,1,0,0,0,0,0,1
,,0,536824581341073408,,gurlitt,536824581341073408,1,,23741868,111,0,0,0,0,1,1,0,0,0,1416823928000.0,0,0,0,0,0,0,0,896,0,1367,105,106,12,8,0,362,Berlin,1,0,1236764578000.0,1,13034222,13034222,1,2,0,0,0.036036036036036036,17,0.0,8,2,0,0,0,0,0,0,0
,,0,536825396990607360,,gurlitt,536825396990607360,1,,23741868,121,0,0,0,0,1,1,1,0,0,1416824123000.0,0,0,0,0,0,0,0,896,0,1367,105,106,12,8,0,362,Berlin,1,0,1236764578000.0,1,13034222,13034222,1,4,0,0,0.04132231404958678,16,0.0,6,6,1,0,0,0,0,0,0
,,0,536825651463217152,,gurlitt,536825651463217152,1,,23741868,136,0,0,0,0,1,2,0,0,0,1416824183000.0,0,0,0,0,0,0,0,896,0,1367,105,106,12,8,0,362,Berlin,1,0,1236764578000.0,1,13034222,13034222,2,4,0,0,0.03676470588235294,23,0.0,10,6,0,0,0,0,0,0,0
,,0,536826273667227649,,gurlitt,536826273667227649,1,,22467092,117,0,0,0,0,0,1,0,0,0,1416824332000.0,0,0,0,0,0,0,0,3973,0,876,44,154,8,8,0,1515,Rome,1,0,1235983781000.0,1,0,7355967,1,1,0,0,0.04310344827586207,17,0.6,7,4,1,0,0,0,1,0,0
,,0,536826754770685952,,gurlitt,536826754770685952,1,,23741868,138,0,0,0,0,1,1,0,0,0,1416824446000.0,0,0,0,0,0,0,0,896,0,1367,105,106,12,8,0,362,Berlin,1,0,1236764578000.0,1,13034222,13034222,0,2,0,0,0.028985507246376812,21,0.0,10,2,1,0,0,0,0,0,0
,,0,536828694107803651,,gurlitt,536828694107803651,1,,23741868,125,0,0,0,0,1,1,0,0,0,1416824909000.0,0,0,0,0,0,0,0,896,0,1367,105,106,12,8,0,362,Berlin,1,0,1236764578000.0,1,13034222,13034222,0,5,0,0,0.04,20,0.0,7,7,0,0,0,0,0,0,0
,,0,536829324092268544,,gurlitt,536829324092268544,1,,23741868,138,0,0,0,0,1,1,0,0,0,1416825059000.0,0,0,0,0,0,0,0,896,0,1367,105,106,12,8,0,362,Berlin,1,0,1236764578000.0,1,13034222,13034222,1,8,0,0,0.050724637681159424,19,0.5,10,3,0,0,0,0,0,0,0
,,0,536830979714056192,,gurlitt,536830979714056192,1,,22467092,99,0,0,0,0,0,2,0,0,0,1416825454000.0,0,0,0,0,0,0,0,3973,0,876,44,154,8,8,0,1515,Rome,1,0,1235983781000.0,1,0,7355967,1,3,0,0,0.050505050505050504,15,0.0,8,2,0,0,0,0,0,0,0
,,0,536835870293512192,,gurlitt,536835870293512192,1,,77058003,139,0,0,0,0,0,1,0,0,0,1416826620000.0,0,0,0,0,0,0,0,2642,0,1048,61,55,4,13,0,245,Eastern Time (US & Canada),1,0,1253830598000.0,1,0,13421772,2,2,0,0,0.014388489208633094,21,0.5,11,3,3,0,0,0,0,0,0
,,0,536835870897479680,,gurlitt,536835870897479680,1,,22467092,139,0,0,0,0,0,2,1,0,0,1416826620000.0,0,0,0,0,0,0,0,3973,0,876,44,154,8,8,0,1515,Rome,1,0,1235983781000.0,1,0,7355967,2,2,0,0,0.014388489208633094,21,0.5,11,3,3,0,0,0,0,0,0
,,0,536836468816498688,,gurlitt,536836468816498688,1,,77058003,137,0,0,0,0,0,1,0,0,0,1416826762000.0,0,0,0,0,0,0,0,2642,0,1048,61,55,4,13,0,245,Eastern Time (US & Canada),1,0,1253830598000.0,1,0,13421772,2,3,0,0,0.043795620437956206,20,0.4,11,2,0,0,0,0,0,0,0
,,0,536836469542105088,,gurlitt,536836469542105088,1,,22467092,137,0,0,0,0,0,2,0,0,0,1416826762000.0,0,0,0,0,0,0,0,3973,0,876,44,154,8,8,0,1515,Rome,1,0,1235983781000.0,1,0,7355967,2,3,0,0,0.043795620437956206,20,0.4,11,2,0,0,0,0,0,0,0
true,The Bern Museum will accept the Gurlitt collection,1,535241189234982912,,gurlitt,535241189234982912,1,,72389498,113,0,1,1,0,0,4,2,1,0,1416446418000.0,0,0,0,0,0,0,0,8844,0,4470,198,74,14,10,0,1878,Eastern Time (US & Canada),1,0,1252359680000.0,1,0,14404302,1,9,0,0,0.061946902654867256,14,0.0,6,3,0,0,0,0,0,0,1
unverified,Gurlitt was mentally unfit when he wrote his will,1,535270217689993216,,gurlitt,535270217689993216,1,,613935848,130,0,0,1,0,1,2,1,0,0,1416453339000.0,0,0,0,0,0,0,0,2211,0,794,9,62,13,15,0,793,Central Time (US & Canada),1,1,1340244405000.0,1,12639981,12639981,1,7,0,0,0.06923076923076923,16,-0.2,4,4,2,0,0,0,0,0,1
true,The Bern Museum will accept the Gurlitt collection,1,535342545283588096,,gurlitt,535342545283588096,1,,1271806430,140,0,2,1,0,0,4,2,2,0,1416470583000.0,0,0,0,0,0,0,0,335,0,305,9,99,9,5,0,293,Athens,1,1,1363423503000.0,0,12639981,12639981,1,9,0,0,0.12142857142857143,17,0.0,8,2,1,0,0,0,0,0,1
unverified,Gurlitt was mentally unfit when he wrote his will,1,535397927548878849,,gurlitt,535397927548878849,1,,83247246,120,0,1,1,1,1,1,0,1,0,1416483787000.0,0,0,0,0,0,0,0,6214,0,7381,223,124,7,7,0,1097,London,1,0,1255822560000.0,1,0,1250582,3,16,0,0,0.1,12,-0.1,6,2,1,0,0,0,0,0,1
true,The Bern Museum will accept the Gurlitt collection,1,535434467696189440,,gurlitt,535434467696189440,1,,50371114,103,0,1,1,0,0,1,1,1,0,1416492499000.0,0,0,0,0,0,0,0,5454,1,4094,149,87,16,12,0,497,Quito,1,0,1245864469000.0,1,13882063,15592681,2,10,0,0,0.14563106796116504,12,0.0,7,0,1,0,0,0,0,0,1
true,The Bern Museum will accept the Gurlitt collection,1,535434467696189440,5.3543446769618944e+17,gurlitt,535437127211687936,0,50371114.0,1070801347,134,0,1,2,1,0,1,0,1,0,1416493133000.0,0,0,0,0,0,0,0,9251,0,858,38,147,17,8,0,1754,,1,1,1357648194000.0,1,12639981,12639981,4,24,0,0,0.11940298507462686,12,0.25,5,1,1,1,1,1,0,0,1
true,The Bern Museum will accept the Gurlitt collection,1,535438499432771584,,gurlitt,535438499432771584,1,,18151649,98,0,0,1,0,0,3,0,0,0,1416493460000.0,0,0,0,0,0,0,0,14036,0,50419,1433,67,18,9,0,193,Eastern Time (US & Canada),1,0,1229387892000.0,1,14671839,6697830,1,6,0,0,0.14432989690721648,10,-0.5,7,0,1,0,0,0,0,0,1
true,The Bern Museum will accept the Gurlitt collection,1,535721996391178242,,gurlitt,535721996391178242,1,,537482789,115,0,1,1,0,2,1,1,1,0,1416561051000.0,0,0,0,0,0,0,0,3275,0,1143,26,139,19,13,0,1116,Atlantic Time (Canada),1,0,1332789510000.0,0,12639981,12639981,1,11,0,0,0.06956521739130435,14,0.0,6,3,0,0,0,0,0,0,1
true,The Bern Museum will accept the Gurlitt collection,1,536824260615237632,,gurlitt,536824260615237632,1,,44395493,57,0,0,0,0,1,3,0,0,0,1416823852000.0,0,0,0,0,0,0,0,2117,0,1898,129,69,13,14,0,432,Berlin,1,0,1244046960000.0,1,8823974,7377815,0,1,0,0,0.03508771929824561,9,0.0,3,2,1,1,0,0,1,0,0
true,The Bern Museum will accept the Gurlitt collection,1,536824260615237632,5.368242606152376e+17,gurlitt,536825675181998080,0,44395493.0,33329570,90,0,1,0,0,1,0,0,1,0,1416824189000.0,0,0,0,0,0,1,1,3015,0,110,0,0,20,14,0,825,Eastern Time (US & Canada),1,0,1240180419000.0,1,13882063,15264747,0,4,0,0,0.011111111111111112,14,0.0,6,2,2,0,0,0,0,0,0
true,The Bern Museum will accept the Gurlitt collection,1,536824745459998720,,gurlitt,536824745459998720,1,,77058003,65,0,0,0,0,0,3,0,0,0,1416823967000.0,0,0,0,0,0,0,0,2642,0,1048,61,55,4,13,0,245,Eastern Time (US & Canada),1,0,1253830598000.0,1,0,13421772,1,2,0,0,0.07692307692307693,8,0.0,6,2,0,0,0,0,0,0,0
true,The Bern Museum will accept the Gurlitt collection,1,536824746298843136,,gurlitt,536824746298843136,1,,22467092,65,0,0,0,0,0,2,0,0,0,1416823967000.0,0,0,0,0,0,0,0,3973,0,876,44,154,8,8,0,1515,Rome,1,0,1235983781000.0,1,0,7355967,1,2,0,0,0.07692307692307693,8,0.0,6,2,0,0,0,0,0,0,0
true,The Bern Museum will accept the Gurlitt collection,1,536825153372831744,,gurlitt,536825153372831744,1,,22467092,78,0,0,0,0,0,2,0,0,0,1416824064000.0,0,0,0,0,0,0,0,3973,0,876,44,154,8,8,0,1515,Rome,1,0,1235983781000.0,1,0,7355967,1,1,0,0,0.05128205128205128,11,0.55,5,2,1,0,0,0,0,0,0
true,The Bern Museum will accept the Gurlitt collection,1,536825222050365440,,gurlitt,536825222050365440,1,,28137012,104,0,0,1,0,0,3,0,0,0,1416824081000.0,0,0,0,0,0,0,0,78345,1,49462,2347,154,8,7,0,583,Hong Kong,1,0,1238603173000.0,1,15658734,1250582,1,9,0,0,0.057692307692307696,13,-0.3,8,2,2,0,0,0,0,0,1
true,The Bern Museum will accept the Gurlitt collection,1,536825222608203776,,gurlitt,536825222608203776,1,,28139873,104,0,0,1,0,0,1,3,0,0,1416824081000.0,0,0,0,0,0,0,0,58793,1,103976,2441,144,10,9,0,832,London,1,0,1238604073000.0,1,0,1250582,1,8,0,0,0.07692307692307693,13,-0.3,8,2,2,0,0,0,0,0,1
true,The Bern Museum will accept the Gurlitt collection,1,536825223061180416,,gurlitt,536825223061180416,1,,3108351,104,0,0,1,0,0,28,21,0,0,1416824081000.0,0,0,0,0,0,0,0,100160,1,5366285,83151,152,19,3,0,962,Eastern Time (US & Canada),0,0,1175408533000.0,1,16777215,15594229,1,6,0,0,0.08653846153846154,13,-0.3,8,2,2,0,0,0,0,0,1
true,The Bern Museum will accept the Gurlitt collection,1,536825223061180416,5.368252230611804e+17,gurlitt,536826040648499200,0,3108351.0,33329570,41,0,1,0,0,1,0,0,1,0,1416824276000.0,0,0,0,0,0,0,0,3015,0,110,0,0,20,14,0,825,Eastern Time (US & Canada),1,0,1240180419000.0,1,13882063,15264747,0,1,0,1,0.0975609756097561,6,0.04999999999999999,2,0,2,0,0,0,0,0,0
true,The Bern Museum will accept the Gurlitt collection,1,536825223061180416,5.368252230611804e+17,gurlitt,536828139201368065,0,3108351.0,2306857765,129,0,1,0,0,0,0,0,1,0,1416824776000.0,0,0,0,0,0,0,0,7746,0,192,3,0,7,7,0,773,,1,1,1390493770000.0,0,12639981,12639981,2,3,0,0,0.046511627906976744,20,0.1875,7,4,1,1,0,0,2,0,0
true,The Bern Museum will accept the Gurlitt collection,1,536825223061180416,5.368252230611804e+17,gurlitt,536870059897942016,0,3108351.0,96205465,132,0,1,1,0,0,0,0,1,0,1416834771000.0,0,0,0,0,0,0,0,283,0,129,8,106,10,10,0,292,Central Time (US & Canada),1,0,1260565177000.0,1,6214876,39353,2,8,0,0,0.10606060606060606,17,-0.275,12,1,2,0,0,0,0,0,1
true,The Bern Museum will accept the Gurlitt collection,1,536825223526756352,,gurlitt,536825223526756352,1,,23484039,94,0,0,1,0,0,5,0,0,0,1416824081000.0,0,0,0,0,0,0,0,5674,0,286814,9474,43,17,15,0,44,Eastern Time (US & Canada),1,0,1236626276000.0,1,15658734,1250582,1,7,0,0,0.06382978723404255,12,-0.3,8,1,2,0,0,0,0,0,1
true,The Bern Museum will accept the Gurlitt collection,1,536825848624865280,,gurlitt,536825848624865280,1,,31697703,71,0,0,0,0,2,2,1,0,0,1416824230000.0,0,0,0,0,0,0,0,7135,1,7302,308,103,12,10,0,825,Berlin,0,0,1239871864000.0,1,16777215,16119026,1,4,0,0,0.18309859154929578,11,0.4166666666666667,8,1,0,0,0,0,0,0,0
true,The Bern Museum will accept the Gurlitt collection,1,536825996985790465,,gurlitt,536825996985790465,1,,22467092,130,0,0,0,0,0,5,0,0,0,1416824266000.0,0,0,0,0,0,0,0,3973,0,876,44,154,8,8,0,1515,Rome,1,0,1235983781000.0,1,0,7355967,3,3,0,0,0.07692307692307693,22,0.5,8,4,0,0,0,0,0,0,0
true,The Bern Museum will accept the Gurlitt collection,1,536826643122503680,,gurlitt,536826643122503680,1,,5402612,130,0,0,1,0,0,216,149,0,0,1416824420000.0,0,0,0,0,0,0,0,22060,1,12291207,101257,155,17,11,0,3,London,1,0,1177252957000.0,1,16777215,16777215,1,8,0,0,0.1,18,0.0,10,2,2,0,0,0,0,0,1
true,The Bern Museum will accept the Gurlitt collection,1,536826643122503680,5.368266431225037e+17,gurlitt,536827740167864320,0,5402612.0,240447482,81,0,1,0,0,0,1,1,1,0,1416824681000.0,0,0,0,0,1,1,1,10415,0,384,3,101,15,15,0,781,,1,1,1295479806000.0,1,12639981,12639981,0,4,0,0,0.08641975308641975,14,0.0,6,2,0,1,0,0,2,0,0
true,The Bern Museum will accept the Gurlitt collection,1,536826643122503680,5.368266431225037e+17,gurlitt,536827884116385792,0,5402612.0,2409399655,100,0,1,1,0,2,0,0,1,0,1416824716000.0,0,0,0,0,0,0,0,2107,0,31,0,0,8,7,0,8,Kyiv,1,1,1395685785000.0,0,12639981,12639981,3,12,0,0,0.21,8,0.0,6,1,0,0,0,0,0,0,1
true,The Bern Museum will accept the Gurlitt collection,1,536826643122503680,5.368266431225037e+17,gurlitt,536828004983652352,0,5402612.0,2758534719,138,0,1,0,0,3,0,2,1,0,1416824744000.0,0,0,0,0,0,0,0,696,0,15,0,0,8,14,0,19,,1,1,1409601765000.0,1,12639981,12639981,0,5,0,1,0.043795620437956206,26,0.0,5,10,1,3,0,0,3,0,0
true,The Bern Museum will accept the Gurlitt collection,1,536826643122503680,5.368266431225037e+17,gurlitt,536828098755715074,0,5402612.0,2616159025,94,0,1,0,0,0,0,0,1,0,1416824767000.0,0,0,0,0,1,1,1,1744,0,27,1,17,10,14,0,301,London,0,0,1405025810000.0,0,16777215,13619409,0,4,0,0,0.11702127659574468,16,0.0,8,2,0,0,0,0,0,0,0
true,The Bern Museum will accept the Gurlitt collection,1,536826643122503680,5.368266431225037e+17,gurlitt,536828276128624640,0,5402612.0,1341896072,57,0,1,0,0,0,0,0,1,0,1416824809000.0,0,0,0,0,0,0,0,2078,0,32,1,0,12,12,0,124,,1,1,1365599921000.0,0,12639981,12639981,0,1,0,0,0.08771929824561403,10,0.0,2,3,0,2,0,0,1,0,0
true,The Bern Museum will accept the Gurlitt collection,1,536826643122503680,5.368266431225037e+17,gurlitt,536828855403945984,0,5402612.0,1653573420,15,0,1,0,0,0,0,0,1,0,1416824947000.0,0,0,0,0,0,0,0,32,0,2,0,0,10,8,0,8,,1,1,1375900633000.0,0,12639981,12639981,0,0,0,0,0.26666666666666666,2,0.5,1,1,0,0,0,0,0,0,0
true,The Bern Museum will accept the Gurlitt collection,1,536826643122503680,5.368266431225037e+17,gurlitt,536829095892770816,0,5402612.0,401275875,66,0,2,0,0,0,1,1,2,0,1416825004000.0,0,0,0,0,0,0,0,2924,0,29,2,0,9,6,0,137,London,1,1,1319967262000.0,1,12639981,12639981,0,1,0,0,0.15151515151515152,11,0.0,5,3,1,0,0,0,0,0,0
true,The Bern Museum will accept the Gurlitt collection,1,536826643122503680,5.368266431225037e+17,gurlitt,536829499686793216,0,5402612.0,17248271,140,0,1,0,0,0,1,1,1,0,1416825101000.0,0,0,0,0,0,0,0,32457,0,5634,81,70,11,11,0,4817,London,1,0,1226135461000.0,1,16777215,11329238,0,2,0,0,0.05,26,0.4916666666666667,5,6,2,1,0,0,2,0,0
true,The Bern Museum will accept the Gurlitt collection,1,536826643122503680,5.368266431225037e+17,gurlitt,536829987157209088,0,5402612.0,448208242,27,0,1,0,0,0,0,0,1,0,1416825217000.0,0,0,0,0,0,0,0,7130,0,49,3,0,14,8,0,69,,1,1,1325012205000.0,0,12639981,12639981,4,4,0,0,0.18518518518518517,3,0.2,1,1,1,0,0,0,0,0,0
true,The Bern Museum will accept the Gurlitt collection,1,536826643122503680,5.368266431225037e+17,gurlitt,536830791024922624,0,5402612.0,547415395,137,0,1,1,0,1,0,0,1,0,1416825409000.0,0,0,0,0,0,0,0,5006,0,1632,9,102,14,15,0,1979,,1,1,1333784314000.0,1,12639981,12639981,1,13,0,0,0.0962962962962963,18,0.0,10,3,0,0,0,0,0,0,1
true,The Bern Museum will accept the Gurlitt collection,1,536826643122503680,5.368266431225037e+17,gurlitt,536832724787400704,0,5402612.0,2157313633,140,0,2,0,0,0,0,0,2,0,1416825870000.0,0,0,1,0,0,0,0,1088,0,21,0,30,20,10,0,70,,1,1,1382810847000.0,0,12639981,12639981,2,4,0,0,0.7571428571428571,18,0.0,18,0,0,0,0,0,1,0,0
true,The Bern Museum will accept the Gurlitt collection,1,536826643122503680,5.3682800498365235e+17,gurlitt,536832872162680833,0,2758534719.0,2877094585,47,0,2,0,0,0,0,0,2,0,1416825905000.0,0,0,0,0,0,0,0,511,0,17,1,16,6,13,0,83,Tijuana,1,0,1414255654000.0,1,0,0,0,0,0,0,0.0851063829787234,7,0.0,4,2,0,0,0,0,0,0,0
true,The Bern Museum will accept the Gurlitt collection,1,536826643122503680,5.368328721626808e+17,gurlitt,536834142361886720,0,2877094585.0,2758534719,123,0,2,0,0,1,0,0,2,0,1416826208000.0,0,0,0,0,0,0,0,696,0,15,0,0,8,14,0,19,,1,1,1409601765000.0,1,12639981,12639981,0,4,0,0,0.06504065040650407,17,-0.5,8,2,0,0,0,0,1,0,0
true,The Bern Museum will accept the Gurlitt collection,1,536826643122503680,5.368266431225037e+17,gurlitt,536835189260177408,0,5402612.0,47582275,121,0,1,0,0,4,0,1,1,0,1416826457000.0,0,0,0,0,0,0,0,8358,0,681,9,38,12,9,0,1750,London,1,1,1245143030000.0,1,12639981,12639981,1,7,0,0,0.024793388429752067,18,0.07500000000000001,3,2,6,0,0,0,1,0,0
true,The Bern Museum will accept the Gurlitt collection,1,536826643122503680,5.368266431225037e+17,gurlitt,536836102611828736,0,5402612.0,296747351,140,0,1,0,0,1,0,0,1,0,1416826675000.0,0,0,0,0,0,0,0,25829,0,249,4,116,10,7,0,213,,1,1,1305108998000.0,1,12639981,12639981,2,6,0,1,0.07142857142857142,24,0.0,6,5,2,3,0,0,3,0,0
true,The Bern Museum will accept the Gurlitt collection,1,536826643122503680,5.368266431225037e+17,gurlitt,536837278761775104,0,5402612.0,2195327711,139,0,1,0,0,0,0,0,1,0,1416826955000.0,0,0,0,0,1,0,1,147,0,13,1,0,6,14,0,25,,1,1,1385375476000.0,1,12639981,12639981,0,4,0,0,0.06521739130434782,21,0.0,10,4,2,0,0,0,0,0,0
true,The Bern Museum will accept the Gurlitt collection,1,536826824219959296,,gurlitt,536826824219959296,1,,123690515,130,0,0,1,0,0,4,0,0,0,1416824463000.0,0,0,0,0,0,0,0,25717,0,62761,1155,74,17,14,0,2,London,1,1,1268780479000.0,0,12639981,12639981,1,8,0,0,0.06923076923076923,18,0.0,10,2,2,0,0,0,0,0,1
true,The Bern Museum will accept the Gurlitt collection,1,536827540829384704,,gurlitt,536827540829384704,1,,31697703,140,0,0,1,1,1,4,2,0,0,1416824634000.0,0,0,0,0,0,0,0,7135,1,7302,308,103,12,10,0,825,Berlin,0,0,1239871864000.0,1,16777215,16119026,3,19,0,0,0.07142857142857142,21,0.0,8,4,0,1,0,0,1,0,1
true,The Bern Museum will accept the Gurlitt collection,1,536827886926565376,,gurlitt,536827886926565376,1,,43092938,91,0,0,1,0,1,1,0,0,0,1416824716000.0,0,0,0,0,0,0,0,8052,0,7568,301,59,12,12,0,126,Bern,0,0,1243510904000.0,1,16777215,16777215,1,8,0,0,0.0989010989010989,11,0.4833333333333334,7,1,1,0,0,0,0,0,1
true,The Bern Museum will accept the Gurlitt collection,1,536828314783346688,,gurlitt,536828314783346688,1,,19543936,137,0,0,1,0,0,1,0,0,0,1416824818000.0,0,0,0,0,0,0,0,9297,1,53068,1401,116,18,11,0,4784,London,1,0,1232989139000.0,1,0,16777215,2,8,0,0,0.10218978102189781,17,0.0,10,3,1,0,0,0,0,0,1
true,The Bern Museum will accept the Gurlitt collection,1,536830361817595905,,gurlitt,536830361817595905,1,,22467092,110,0,0,0,0,0,2,0,0,0,1416825306000.0,0,0,0,0,0,0,0,3973,0,876,44,154,8,8,0,1515,Rome,1,0,1235983781000.0,1,0,7355967,2,2,0,0,0.02727272727272727,13,0.0,7,3,0,0,0,0,0,0,0
true,The Bern Museum will accept the Gurlitt collection,1,536830857403961345,,gurlitt,536830857403961345,1,,44395493,138,0,0,0,0,1,2,0,0,0,1416825424000.0,0,0,0,0,0,0,0,2117,0,1898,129,69,13,14,0,432,Berlin,1,0,1244046960000.0,1,8823974,7377815,0,4,0,0,0.043795620437956206,22,0.0,10,3,1,0,1,0,0,0,0
true,The Bern Museum will accept the Gurlitt collection,1,536831367959420929,,gurlitt,536831367959420929,1,,28918980,91,0,0,1,0,1,1,3,0,0,1416825546000.0,0,0,1,1,0,0,0,621399,0,186618,1292,159,15,13,0,155073,Eastern Time (US & Canada),1,0,1238897165000.0,1,12442797,10151144,1,10,0,0,0.15384615384615385,11,0.0,10,0,1,0,0,0,0,0,1
true,The Bern Museum will accept the Gurlitt collection,1,536831367959420929,5.368313679594209e+17,gurlitt,536832648237174785,0,28918980.0,33167405,89,0,1,1,0,0,0,0,1,0,1416825851000.0,0,0,0,0,0,1,1,891528,0,2719,41,62,14,13,0,0,Pacific Time (US & Canada),1,1,1240132788000.0,0,12639981,12639981,2,13,0,0,0.06741573033707865,12,0.0,5,4,0,0,0,1,0,0,1
true,Looted artworks will (initially) remain in Germany,1,536831866721280000,,gurlitt,536831866721280000,1,,77058003,135,0,0,0,0,0,1,0,0,0,1416825665000.0,0,0,0,0,0,0,0,2642,0,1048,61,55,4,13,0,245,Eastern Time (US & Canada),1,0,1253830598000.0,1,0,13421772,1,3,0,0,0.03731343283582089,18,0.0,7,5,0,0,0,0,0,0,0
true,Looted artworks will (initially) remain in Germany,1,536831867329466369,,gurlitt,536831867329466369,1,,22467092,135,0,0,0,0,0,1,0,0,0,1416825665000.0,0,0,0,0,0,0,0,3973,0,876,44,154,8,8,0,1515,Rome,1,0,1235983781000.0,1,0,7355967,1,3,0,0,0.03731343283582089,18,0.0,7,5,0,0,0,0,0,0,0
true,The Bern Museum will accept the Gurlitt collection,1,536832547062165504,,gurlitt,536832547062165504,1,,21306959,138,0,0,0,0,1,1,0,0,0,1416825827000.0,0,0,0,0,0,0,0,1866,0,70,1,81,13,13,0,99,Atlantic Time (Canada),1,0,1235056973000.0,1,16777215,12639981,2,7,0,1,0.057971014492753624,21,0.525,8,4,4,0,0,0,0,0,0
true,The Bern Museum will accept the Gurlitt collection,1,536833104280055808,,gurlitt,536833104280055808,1,,22467092,115,0,0,0,0,0,1,0,0,0,1416825960000.0,0,0,0,0,0,0,0,3973,0,876,44,154,8,8,0,1515,Rome,1,0,1235983781000.0,1,0,7355967,1,4,0,0,0.05217391304347826,17,0.14285714285714285,7,3,2,0,0,0,0,0,0
true,The Bern Museum will accept the Gurlitt collection,1,536833763326820352,,gurlitt,536833763326820352,1,,359643387,86,0,0,1,0,2,1,0,0,0,1416826117000.0,0,0,0,0,0,0,0,4076,0,1057,34,144,16,8,0,807,London,0,0,1313968157000.0,1,16777215,11784419,1,10,0,0,0.10465116279069768,12,0.0,8,2,1,0,0,0,0,0,1
true,The Bern Museum will accept the Gurlitt collection,1,536834351246225408,,gurlitt,536834351246225408,1,,6134882,80,0,0,1,0,0,2,0,0,0,1416826257000.0,0,0,0,0,0,0,0,91442,1,35395,1771,140,12,10,0,339,Berlin,0,0,1179486050000.0,1,16777215,16119026,1,8,0,0,0.0875,10,0.0,7,1,1,0,0,0,0,0,1
true,The Bern Museum will accept the Gurlitt collection,1,536835011941396481,,gurlitt,536835011941396481,1,,816608420,118,0,2,1,0,1,1,0,2,0,1416826415000.0,0,0,0,0,0,0,0,925,0,85,5,154,15,13,0,167,Ljubljana,0,0,1347334576000.0,1,0,0,2,10,0,0,0.07627118644067797,12,0.55,10,1,1,0,0,0,0,0,1
true,The Bern Museum will accept the Gurlitt collection,1,536835327584141312,,gurlitt,536835327584141312,1,,220673613,94,0,0,0,1,0,3,1,0,0,1416826490000.0,0,0,0,0,0,0,0,5552,1,2459,176,160,12,7,0,1224,Berlin,1,1,1290953620000.0,1,12639981,12639981,1,7,0,0,0.09574468085106383,14,0.0,7,2,0,0,0,0,0,0,1
true,The Bern Museum will accept the Gurlitt collection,1,536835327584141312,5.368353275841413e+17,gurlitt,536840338691080192,0,220673613.0,1645109234,130,0,1,0,0,1,0,0,1,0,1416827685000.0,0,0,0,0,0,0,0,1735,0,504,9,155,10,13,0,1002,Central Time (US & Canada),1,0,1375618593000.0,0,16777215,2435886,1,5,0,0,0.015384615384615385,18,0.0,7,2,2,0,0,0,0,0,0
true,The Bern Museum will accept the Gurlitt collection,1,536836675226177538,,gurlitt,536836675226177538,1,,99021280,65,0,0,1,0,0,1,0,0,0,1416826811000.0,0,0,0,0,0,0,0,10928,0,6588,114,66,12,8,0,6206,Eastern Time (US & Canada),1,0,1261626397000.0,1,15658734,1250582,1,5,0,0,0.16923076923076924,8,0.0,7,0,1,0,0,0,0,0,1
true,The Bern Museum will accept the Gurlitt collection,1,536836729190105089,,gurlitt,536836729190105089,1,,858740989,136,0,0,1,0,0,1,0,0,0,1416826824000.0,0,0,0,0,0,0,0,7617,0,3666,25,121,19,14,0,3500,,1,1,1349213049000.0,1,12639981,12639981,4,9,0,0,0.07352941176470588,20,1.0,9,4,2,0,0,0,0,0,1
true,The Bern Museum will accept the Gurlitt collection,1,536837309078200320,,gurlitt,536837309078200320,1,,3108351,69,0,1,1,0,0,27,16,1,0,1416826963000.0,0,0,0,0,0,0,0,100160,1,5366286,83151,152,19,3,0,962,Eastern Time (US & Canada),0,0,1175408533000.0,1,16777215,15594229,1,6,0,0,0.13043478260869565,9,0.0,5,1,1,0,0,0,0,0,1
true,The Bern Museum will accept the Gurlitt collection,1,536837309078200320,5.368373090782003e+17,gurlitt,536837808011223041,0,3108351.0,909894727,68,0,1,1,0,0,0,0,1,0,1416827082000.0,0,0,0,0,0,0,0,19482,0,1009,12,156,20,11,0,1812,Abu Dhabi,1,0,1351415748000.0,0,13382502,16737945,1,6,0,0,0.3088235294117647,10,0.0,7,0,0,0,0,0,0,0,1
true,The Bern Museum will accept the Gurlitt collection,1,536837509167480832,,gurlitt,536837509167480832,1,,462955474,126,0,0,1,0,0,1,0,0,0,1416827010000.0,0,0,0,0,0,0,0,142,0,119,3,60,13,14,0,152,Bern,0,0,1326467812000.0,1,16777215,12639981,1,7,0,0,0.0873015873015873,19,0.20833333333333334,9,4,0,0,0,0,0,0,1
true,The Bern Museum will accept the Gurlitt collection,1,536837810805039104,,gurlitt,536837810805039104,1,,59608915,98,0,1,0,0,1,10,6,1,0,1416827082000.0,0,0,0,0,0,0,0,613,0,1160,53,123,16,15,0,457,Berlin,1,0,1248388048000.0,1,16777215,16119285,2,3,0,0,0.061224489795918366,15,0.25,6,2,1,0,0,0,0,0,0
true,The Bern Museum will accept the Gurlitt collection,1,536839580419231745,,gurlitt,536839580419231745,1,,19706871,136,0,0,1,0,0,1,1,0,0,1416827504000.0,0,0,0,0,0,0,0,31010,0,17956,701,105,12,10,0,5,Berlin,0,0,1233228888000.0,1,16777215,15131616,4,12,0,0,0.051470588235294115,20,0.21428571428571427,10,4,2,0,0,0,0,0,1
true,The Bern Museum will accept the Gurlitt collection,1,536841860049043457,,gurlitt,536841860049043457,1,,43092938,110,0,0,1,0,0,2,0,0,0,1416828048000.0,0,0,0,0,0,0,0,8052,0,7568,301,59,12,12,0,126,Bern,0,0,1243510904000.0,1,16777215,16777215,1,7,0,0,0.07272727272727272,15,0.0,7,4,0,0,0,0,0,0,1
true,The Bern Museum will accept the Gurlitt collection,1,536842041586876416,,gurlitt,536842041586876416,1,,859306879,107,0,1,1,0,3,1,0,1,0,1416828091000.0,0,0,0,0,0,0,0,723,0,348,15,85,15,12,0,294,Bern,1,1,1349247859000.0,1,12639981,12639981,1,11,0,0,0.14953271028037382,12,0.0,8,1,1,0,0,0,0,0,1
true,The Bern Museum will accept the Gurlitt collection,1,536842936667750402,,gurlitt,536842936667750402,1,,81994188,136,0,0,1,0,1,1,1,0,0,1416828304000.0,0,0,0,0,0,0,0,603209,0,763353,877,132,19,7,0,145512,Central Time (US & Canada),1,0,1255402035000.0,1,16777215,10151144,4,11,0,0,0.08823529411764706,19,0.0,8,4,2,0,0,0,0,0,1
true,Looted artworks will (initially) remain in Germany,1,536843350281060353,,gurlitt,536843350281060353,1,,38681183,140,0,0,1,0,0,11,6,0,0,1416828403000.0,0,0,0,0,0,0,0,6544,1,87427,2806,111,17,15,0,339,London,1,0,1241795019000.0,1,16777215,1250582,1,8,0,0,0.03571428571428571,20,0.0,6,7,2,0,0,0,0,0,1
true,The Bern Museum will accept the Gurlitt collection,1,536844180887449600,,gurlitt,536844180887449600,1,,203123011,102,0,0,1,0,0,3,4,0,0,1416828601000.0,0,0,0,0,0,0,0,51990,1,185236,2039,112,8,7,0,339,Eastern Time (US & Canada),1,0,1287157722000.0,0,16777215,0,1,8,0,0,0.0784313725490196,12,1.0,6,1,3,0,0,0,0,0,1
true,The Bern Museum will accept the Gurlitt collection,1,536844209982959616,,gurlitt,536844209982959616,1,,19003991,65,0,0,1,0,0,1,0,0,0,1416828608000.0,0,0,0,0,0,0,0,44482,0,15307,706,134,10,10,0,3086,Brussels,1,0,1231980214000.0,1,13034222,13034222,1,6,0,0,0.09230769230769231,8,0.0,5,1,1,0,0,0,0,0,1
true,The Bern Museum will accept the Gurlitt collection,1,536844214202400768,,gurlitt,536844214202400768,1,,20840441,65,0,0,1,0,0,1,0,0,0,1416828609000.0,0,0,0,0,0,0,0,29331,0,22970,1080,150,10,10,0,10673,Brussels,1,0,1234607331000.0,1,1579550,15856113,1,6,0,0,0.06153846153846154,8,0.0,5,1,1,0,0,0,0,0,1
true,The Bern Museum will accept the Gurlitt collection,1,536844329000906752,,gurlitt,536844329000906752,1,,1271806430,142,0,3,1,0,0,2,1,3,0,1416828636000.0,0,0,0,0,0,0,0,335,0,305,9,99,9,5,0,293,Athens,1,1,1363423503000.0,0,12639981,12639981,1,10,0,0,0.09154929577464789,16,0.5,11,3,0,0,0,0,0,0,1
true,The Bern Museum will accept the Gurlitt collection,1,536844860058529792,,gurlitt,536844860058529792,1,,1440641,77,0,0,1,0,0,6,5,0,0,1416828763000.0,0,0,0,0,0,0,0,70234,0,1257250,16332,52,19,11,0,77,Eastern Time (US & Canada),1,0,1174249833000.0,1,3289650,16777215,1,8,0,0,0.1038961038961039,8,0.0,8,0,0,0,0,0,0,0,1
true,The Bern Museum will accept the Gurlitt collection,1,536844922088091648,,gurlitt,536844922088091648,1,,923263237,63,0,0,1,0,0,1,0,0,0,1416828778000.0,0,0,0,0,0,0,0,22070,1,17387,774,44,6,6,0,92,London,1,0,1351950530000.0,1,16777215,16773600,1,9,0,0,0.06349206349206349,7,0.0,6,0,1,0,0,0,0,0,1
true,The Bern Museum will accept the Gurlitt collection,1,536844923774205952,,gurlitt,536844923774205952,1,,4898091,73,0,1,1,0,0,9,1,1,0,1416828778000.0,0,0,0,0,0,0,0,87278,1,2411118,30674,117,15,14,0,649,London,1,0,1176742459000.0,1,10986907,16773600,2,10,0,0,0.0821917808219178,8,0.0,7,0,1,0,0,0,0,0,1
true,The Bern Museum will accept the Gurlitt collection,1,536845577938432000,,gurlitt,536845577938432000,1,,1224154813,66,0,0,1,0,0,1,0,0,0,1416828934000.0,0,0,0,0,0,0,0,320496,0,2791,41,23,7,8,0,1207,Kolkata,0,0,1361957997000.0,1,16777215,3904729,1,7,0,0,0.07575757575757576,9,0.0,7,0,1,0,0,0,0,0,1
true,The Bern Museum will accept the Gurlitt collection,1,536845700835733504,,gurlitt,536845700835733504,1,,385010006,87,0,0,1,0,0,1,0,0,0,1416828963000.0,0,0,0,0,0,0,0,21013,0,5716,55,157,17,14,0,5914,Central Time (US & Canada),1,0,1317752539000.0,1,12639981,12639981,1,11,0,0,0.12643678160919541,10,0.0,8,0,0,0,0,0,0,0,1
true,The Bern Museum will accept the Gurlitt collection,1,536845753394536448,,gurlitt,536845753394536448,1,,30868693,65,0,0,1,0,0,3,0,0,0,1416828976000.0,0,0,0,0,0,0,0,34032,1,16795,510,61,11,6,0,356,Eastern Time (US & Canada),1,0,1239631093000.0,1,16775341,0,1,6,0,0,0.16923076923076924,8,0.0,5,1,1,0,0,0,0,0,1
true,The Bern Museum will accept the Gurlitt collection,1,536846436537999360,,gurlitt,536846436537999360,1,,987022944,113,0,2,1,0,0,1,0,2,0,1416829139000.0,0,0,0,0,0,0,0,3937,0,40922,347,131,18,11,0,42024,Amsterdam,1,0,1354554492000.0,1,0,12639981,1,9,0,0,0.09734513274336283,10,0.0,5,1,2,0,0,0,0,0,1
true,The Bern Museum will accept the Gurlitt collection,1,536847243631149056,,gurlitt,536847243631149056,1,,567241726,99,0,0,1,0,0,1,1,0,0,1416829331000.0,0,0,0,0,0,1,1,131,0,476,14,87,15,15,0,244,Casablanca,1,1,1335793827000.0,1,12639981,12639981,2,11,0,0,0.0707070707070707,11,0.0,7,1,1,0,0,0,0,0,1
true,The Bern Museum will accept the Gurlitt collection,1,536847375802052609,,gurlitt,536847375802052609,1,,23741868,108,0,0,1,0,1,3,0,0,0,1416829363000.0,0,0,0,0,0,0,0,896,0,1367,105,106,12,8,0,362,Berlin,1,0,1236764578000.0,1,13034222,13034222,2,13,0,0,0.10185185185185185,14,0.1,10,0,0,0,0,0,0,0,1
true,The Bern Museum will accept the Gurlitt collection,1,536848134681690112,,gurlitt,536848134681690112,1,,22138756,136,0,1,1,0,1,1,1,1,0,1416829544000.0,0,0,0,0,0,0,0,3699,0,543,21,65,13,13,0,934,London,1,0,1235741176000.0,1,1579550,1710879,1,10,0,0,0.09558823529411764,17,0.0,10,0,1,0,0,0,0,0,1
true,The Bern Museum will accept the Gurlitt collection,1,536848139836481536,,gurlitt,536848139836481536,1,,16541374,78,0,1,1,0,0,2,0,1,0,1416829545000.0,0,0,0,0,0,0,0,2785,0,2756,109,52,17,7,0,950,Central Time (US & Canada),1,0,1222845629000.0,1,4282493,6653091,1,8,0,0,0.0641025641025641,8,0.0,6,1,0,0,0,0,0,0,1
true,The Bern Museum will accept the Gurlitt collection,1,536848241556721665,,gurlitt,536848241556721665,1,,553661747,118,0,0,1,0,2,1,0,0,0,1416829569000.0,0,0,0,0,0,0,0,1429,0,374,4,158,18,13,0,924,Mountain Time (US & Canada),1,0,1334421295000.0,0,15658734,1250582,2,10,0,0,0.06779661016949153,14,-0.2333333333333333,8,1,3,0,0,0,0,0,1
true,The Bern Museum will accept the Gurlitt collection,1,536848241556721665,5.3684824155672166e+17,gurlitt,536855010773331968,0,553661747.0,2354297954,104,0,1,2,0,0,0,0,1,0,1416831183000.0,0,0,0,0,0,1,1,8171,0,641,20,159,13,12,0,250,,1,0,1392961070000.0,0,16777215,12639981,2,15,0,0,0.15384615384615385,12,0.0,5,2,1,1,1,1,0,0,1
true,The Bern Museum will accept the Gurlitt collection,1,536848662135980032,,gurlitt,536848662135980032,1,,59608915,111,0,0,1,0,0,6,1,0,0,1416829669000.0,0,0,0,0,0,0,0,613,0,1160,53,123,16,15,0,457,Berlin,1,0,1248388048000.0,1,16777215,16119285,1,7,0,0,0.09090909090909091,12,0.0,8,0,0,0,0,0,0,0,1
true,The Bern Museum will accept the Gurlitt collection,1,536848962775678976,,gurlitt,536848962775678976,1,442587695.0,442587695,139,0,1,0,0,1,10,5,1,0,1416829741000.0,0,0,0,0,0,0,0,226,0,992,54,122,16,15,0,144,Amsterdam,1,0,1324454533000.0,1,12639981,15461355,0,3,0,0,0.043795620437956206,20,0.0,7,4,0,1,0,0,1,0,0
true,The Bern Museum will accept the Gurlitt collection,1,536848962775678976,5.36848962775679e+17,gurlitt,536861083693510656,0,442587695.0,1201641997,136,0,1,0,0,1,0,0,1,0,1416832631000.0,0,0,0,0,0,1,1,4285,0,252,4,14,7,9,0,247,Amsterdam,1,1,1361380306000.0,1,12639981,12639981,1,5,0,0,0.05263157894736842,20,0.0,7,4,1,2,0,0,2,0,0
